--------------------------------------------------------
--  File created - Friday-January-08-2021   
--------------------------------------------------------
--------------------------------------------------------
--  DDL for Table DELIVERY_OPTION
--------------------------------------------------------

  CREATE TABLE "ERG_USER"."DELIVERY_OPTION" 
   (	"DELIVERY_OPTION_ID" NUMBER(38,0), 
	"DELIVERY_OPTION_NM" VARCHAR2(80 BYTE), 
	"IS_ACTIVE_IND" NUMBER(1,0), 
	"CONFIG_DATA" "SYS"."XMLTYPE" , 
	"SOURCE_LIST" VARCHAR2(1000 BYTE), 
	"TARGET_LIST" VARCHAR2(1000 BYTE)
   ) SEGMENT CREATION IMMEDIATE 
  PCTFREE 10 PCTUSED 40 INITRANS 1 MAXTRANS 255 
 NOCOMPRESS LOGGING
  STORAGE(INITIAL 65536 NEXT 1048576 MINEXTENTS 1 MAXEXTENTS 2147483645
  PCTINCREASE 0 FREELISTS 1 FREELIST GROUPS 1
  BUFFER_POOL DEFAULT FLASH_CACHE DEFAULT CELL_FLASH_CACHE DEFAULT)
  TABLESPACE "USERS" 
 XMLTYPE COLUMN "CONFIG_DATA" STORE AS SECUREFILE BINARY XML (
  TABLESPACE "USERS" ENABLE STORAGE IN ROW CHUNK 8192
  NOCACHE LOGGING  NOCOMPRESS  KEEP_DUPLICATES 
  STORAGE(INITIAL 106496 NEXT 1048576 MINEXTENTS 1 MAXEXTENTS 2147483645
  PCTINCREASE 0
  BUFFER_POOL DEFAULT FLASH_CACHE DEFAULT CELL_FLASH_CACHE DEFAULT)) ALLOW NONSCHEMA DISALLOW ANYSCHEMA ;
--------------------------------------------------------
--  DDL for Table DLVRY
--------------------------------------------------------

  CREATE TABLE "ERG_USER"."DLVRY" 
   (	"DLVRY_ID" NUMBER(38,0), 
	"TRK_ID" NUMBER(38,0), 
	"RPTD_TS" TIMESTAMP (6), 
	"ROUTE" VARCHAR2(20 BYTE), 
	"SRC_SYS_CD" VARCHAR2(20 BYTE), 
	"SRC_CORRLTN_ID" VARCHAR2(100 BYTE), 
	"SPEC_KEY" VARCHAR2(100 BYTE), 
	"MSG_TYPE" VARCHAR2(20 BYTE), 
	"SRC_STUS_RTRN" VARCHAR2(4000 BYTE), 
	"RDS_JSON" CLOB, 
	"LPID" VARCHAR2(20 BYTE), 
	"RPT_IND" CHAR(1 BYTE), 
	"ECS_IND" CHAR(1 BYTE), 
	"DLVRY_TYPE" VARCHAR2(10 BYTE), 
	"DLVRY_TS" TIMESTAMP (6), 
	"DLVRY_STUS" CHAR(2 BYTE), 
	"TRGT_SYS_CD" VARCHAR2(20 BYTE), 
	"TRGT_CORRLTN_ID" VARCHAR2(100 BYTE), 
	"ADDTNL_DLVRY" VARCHAR2(3000 BYTE), 
	"TRGT_RTRN_STUS_CD" VARCHAR2(20 BYTE), 
	"TRGT_RTRN_STUS_DESC" VARCHAR2(500 BYTE), 
	"TRGT_RTRN_TS" TIMESTAMP (6), 
	"SRC_STUS_RTRN_TS" TIMESTAMP (6), 
	"DLVRY_TRK" CLOB, 
	"RULE_SET" VARCHAR2(500 BYTE), 
	"CREAT_SRVC_ID" VARCHAR2(100 BYTE), 
	"CREAT_TS" TIMESTAMP (6) DEFAULT SYSTIMESTAMP, 
	"LAST_UPDT_SRVC_ID" VARCHAR2(100 BYTE), 
	"LAST_UPDT_SRVC_TS" TIMESTAMP (6), 
	"RETRY_CNT" NUMBER(38,0)
   ) SEGMENT CREATION IMMEDIATE 
  PCTFREE 10 PCTUSED 40 INITRANS 1 MAXTRANS 255 
 NOCOMPRESS LOGGING
  STORAGE(INITIAL 65536 NEXT 1048576 MINEXTENTS 1 MAXEXTENTS 2147483645
  PCTINCREASE 0 FREELISTS 1 FREELIST GROUPS 1
  BUFFER_POOL DEFAULT FLASH_CACHE DEFAULT CELL_FLASH_CACHE DEFAULT)
  TABLESPACE "USERS" 
 LOB ("RDS_JSON") STORE AS BASICFILE (
  TABLESPACE "USERS" ENABLE STORAGE IN ROW CHUNK 8192 RETENTION 
  NOCACHE LOGGING 
  STORAGE(INITIAL 65536 NEXT 1048576 MINEXTENTS 1 MAXEXTENTS 2147483645
  PCTINCREASE 0 FREELISTS 1 FREELIST GROUPS 1
  BUFFER_POOL DEFAULT FLASH_CACHE DEFAULT CELL_FLASH_CACHE DEFAULT)) 
 LOB ("DLVRY_TRK") STORE AS BASICFILE (
  TABLESPACE "USERS" ENABLE STORAGE IN ROW CHUNK 8192 RETENTION 
  NOCACHE LOGGING 
  STORAGE(INITIAL 65536 NEXT 1048576 MINEXTENTS 1 MAXEXTENTS 2147483645
  PCTINCREASE 0 FREELISTS 1 FREELIST GROUPS 1
  BUFFER_POOL DEFAULT FLASH_CACHE DEFAULT CELL_FLASH_CACHE DEFAULT)) ;
--------------------------------------------------------
--  DDL for Table EMP
--------------------------------------------------------

  CREATE TABLE "ERG_USER"."EMP" 
   (	"ID" VARCHAR2(20 BYTE), 
	"NAME" VARCHAR2(20 BYTE), 
	"COURSE" VARCHAR2(20 BYTE)
   ) SEGMENT CREATION IMMEDIATE 
  PCTFREE 10 PCTUSED 40 INITRANS 1 MAXTRANS 255 
 NOCOMPRESS LOGGING
  STORAGE(INITIAL 65536 NEXT 1048576 MINEXTENTS 1 MAXEXTENTS 2147483645
  PCTINCREASE 0 FREELISTS 1 FREELIST GROUPS 1
  BUFFER_POOL DEFAULT FLASH_CACHE DEFAULT CELL_FLASH_CACHE DEFAULT)
  TABLESPACE "USERS" ;
--------------------------------------------------------
--  DDL for Table FAX_PROFILE
--------------------------------------------------------

  CREATE TABLE "ERG_USER"."FAX_PROFILE" 
   (	"FAX_PROFILE_ID" VARCHAR2(50 BYTE), 
	"REPORTING_PROFILE_ID" VARCHAR2(50 BYTE), 
	"IS_ACTIVE_IND" NUMBER(1,0), 
	"FAX_NUM" VARCHAR2(50 BYTE), 
	"CLIENT_ATTN_NM" VARCHAR2(100 BYTE), 
	"COPY_CNT" NUMBER(*,0), 
	"BEGIN_DT" DATE, 
	"END_DT" DATE, 
	"COMMENT_TXT" VARCHAR2(2000 BYTE), 
	"UPDATE_TMSTP" TIMESTAMP (6), 
	"UPDATE_USERID" VARCHAR2(100 BYTE)
   ) SEGMENT CREATION DEFERRED 
  PCTFREE 10 PCTUSED 40 INITRANS 1 MAXTRANS 255 
 NOCOMPRESS LOGGING
  TABLESPACE "USERS" ;
--------------------------------------------------------
--  DDL for Table FAX_VENDOR
--------------------------------------------------------

  CREATE TABLE "ERG_USER"."FAX_VENDOR" 
   (	"FAX_VENDOR_ID" NUMBER(38,0), 
	"VENDOR_CD" VARCHAR2(30 BYTE), 
	"VENDOR_NAME" VARCHAR2(30 BYTE), 
	"IS_ACTIVE_IND" CHAR(1 BYTE), 
	"CREATE_USERID" VARCHAR2(50 BYTE), 
	"CREATE_TMSTP" TIMESTAMP (6) DEFAULT current_timestamp, 
	"UPDATE_USERID" VARCHAR2(50 BYTE), 
	"UPDATE_TMSTP" TIMESTAMP (6) DEFAULT current_timestamp
   ) SEGMENT CREATION IMMEDIATE 
  PCTFREE 10 PCTUSED 40 INITRANS 1 MAXTRANS 255 
 NOCOMPRESS LOGGING
  STORAGE(INITIAL 65536 NEXT 1048576 MINEXTENTS 1 MAXEXTENTS 2147483645
  PCTINCREASE 0 FREELISTS 1 FREELIST GROUPS 1
  BUFFER_POOL DEFAULT FLASH_CACHE DEFAULT CELL_FLASH_CACHE DEFAULT)
  TABLESPACE "USERS" ;
--------------------------------------------------------
--  DDL for Table FAX_VENDOR_CONFIG
--------------------------------------------------------

  CREATE TABLE "ERG_USER"."FAX_VENDOR_CONFIG" 
   (	"FAX_VENDOR_CONFIG_ID" NUMBER(38,0), 
	"VENDOR_CD" VARCHAR2(30 BYTE), 
	"FAX_TYPE_CD" VARCHAR2(30 BYTE), 
	"IS_FILEREN_IND" NUMBER(1,0), 
	"IS_ACTIVE_IND" NUMBER(1,0), 
	"EFFECTIVE_START_TIME" TIMESTAMP (6), 
	"EFFECTIVE_END_TIME" TIMESTAMP (6), 
	"CREATE_USERID" VARCHAR2(50 BYTE), 
	"CREATE_TMSTP" TIMESTAMP (6) DEFAULT current_timestamp, 
	"UPDATE_USERID" VARCHAR2(50 BYTE), 
	"UPDATE_TMSTP" TIMESTAMP (6) DEFAULT current_timestamp
   ) SEGMENT CREATION IMMEDIATE 
  PCTFREE 10 PCTUSED 40 INITRANS 1 MAXTRANS 255 
 NOCOMPRESS LOGGING
  STORAGE(INITIAL 65536 NEXT 1048576 MINEXTENTS 1 MAXEXTENTS 2147483645
  PCTINCREASE 0 FREELISTS 1 FREELIST GROUPS 1
  BUFFER_POOL DEFAULT FLASH_CACHE DEFAULT CELL_FLASH_CACHE DEFAULT)
  TABLESPACE "USERS" ;
--------------------------------------------------------
--  DDL for Table FAX_VENDOR_CONN
--------------------------------------------------------

  CREATE TABLE "ERG_USER"."FAX_VENDOR_CONN" 
   (	"FAX_VENDOR_CONN_ID" NUMBER(38,0), 
	"FAX_VENDOR_ID" NUMBER(38,0), 
	"PROTOCOL" VARCHAR2(10 BYTE), 
	"HOST" VARCHAR2(30 BYTE), 
	"PORT" VARCHAR2(10 BYTE), 
	"PATH" VARCHAR2(50 BYTE), 
	"RETRY_COUNT" NUMBER, 
	"TIMEOUT" NUMBER, 
	"IS_ACTIVE_IND" CHAR(1 BYTE), 
	"CREATE_USERID" VARCHAR2(50 BYTE), 
	"CREATE_TMSTP" TIMESTAMP (6) DEFAULT current_timestamp, 
	"UPDATE_USERID" VARCHAR2(50 BYTE), 
	"UPDATE_TMSTP" TIMESTAMP (6) DEFAULT current_timestamp
   ) SEGMENT CREATION IMMEDIATE 
  PCTFREE 10 PCTUSED 40 INITRANS 1 MAXTRANS 255 
 NOCOMPRESS LOGGING
  STORAGE(INITIAL 65536 NEXT 1048576 MINEXTENTS 1 MAXEXTENTS 2147483645
  PCTINCREASE 0 FREELISTS 1 FREELIST GROUPS 1
  BUFFER_POOL DEFAULT FLASH_CACHE DEFAULT CELL_FLASH_CACHE DEFAULT)
  TABLESPACE "USERS" ;
--------------------------------------------------------
--  DDL for Table FAX_VENDOR_FTP_DETAIL
--------------------------------------------------------

  CREATE TABLE "ERG_USER"."FAX_VENDOR_FTP_DETAIL" 
   (	"FAX_VENDOR_FTP_DETAIL_ID" NUMBER(38,0), 
	"FAX_VENDOR_CONFIG_ID" NUMBER(38,0), 
	"FTP_CONN_NAME" VARCHAR2(100 BYTE), 
	"FTP_HOST_IPADDRESS" VARCHAR2(50 BYTE), 
	"FTP_PATH" VARCHAR2(200 BYTE), 
	"FTP_USER_ID" VARCHAR2(20 BYTE), 
	"FTP_PASSWORD" VARCHAR2(20 BYTE), 
	"FTP_TIMEOUT_INSECS" NUMBER(38,0), 
	"FTP_RETRY_COUNT" NUMBER(38,0), 
	"WEIGHT" NUMBER(38,0), 
	"IS_ACTIVE_IND" NUMBER(1,0), 
	"EFFECTIVE_START_TIME" TIMESTAMP (6), 
	"EFFECTIVE_END_TIME" TIMESTAMP (6), 
	"CREATE_USERID" VARCHAR2(50 BYTE), 
	"CREATE_TMSTP" TIMESTAMP (6) DEFAULT current_timestamp, 
	"UPDATE_USERID" VARCHAR2(50 BYTE), 
	"UPDATE_TMSTP" TIMESTAMP (6) DEFAULT current_timestamp
   ) SEGMENT CREATION IMMEDIATE 
  PCTFREE 10 PCTUSED 40 INITRANS 1 MAXTRANS 255 
 NOCOMPRESS LOGGING
  STORAGE(INITIAL 65536 NEXT 1048576 MINEXTENTS 1 MAXEXTENTS 2147483645
  PCTINCREASE 0 FREELISTS 1 FREELIST GROUPS 1
  BUFFER_POOL DEFAULT FLASH_CACHE DEFAULT CELL_FLASH_CACHE DEFAULT)
  TABLESPACE "USERS" ;
--------------------------------------------------------
--  DDL for Table FAX_VENDOR_SOURCE
--------------------------------------------------------

  CREATE TABLE "ERG_USER"."FAX_VENDOR_SOURCE" 
   (	"FAX_VENDOR_SOURCE_ID" NUMBER(38,0), 
	"FAX_VENDOR_SOURCE_CD" VARCHAR2(30 BYTE), 
	"ROUTE" VARCHAR2(30 BYTE), 
	"FAX_TYPE_CD" VARCHAR2(10 BYTE), 
	"FAX_VENDOR_CONN_ID" NUMBER(38,0), 
	"FAX_VENDOR_USER_ID" NUMBER(38,0), 
	"WEIGHT" NUMBER, 
	"IS_ACTIVE_IND" CHAR(1 BYTE), 
	"CREATE_USERID" VARCHAR2(50 BYTE), 
	"CREATE_TMSTP" TIMESTAMP (6) DEFAULT current_timestamp, 
	"UPDATE_USERID" VARCHAR2(50 BYTE), 
	"UPDATE_TMSTP" TIMESTAMP (6) DEFAULT current_timestamp
   ) SEGMENT CREATION IMMEDIATE 
  PCTFREE 10 PCTUSED 40 INITRANS 1 MAXTRANS 255 
 NOCOMPRESS LOGGING
  STORAGE(INITIAL 65536 NEXT 1048576 MINEXTENTS 1 MAXEXTENTS 2147483645
  PCTINCREASE 0 FREELISTS 1 FREELIST GROUPS 1
  BUFFER_POOL DEFAULT FLASH_CACHE DEFAULT CELL_FLASH_CACHE DEFAULT)
  TABLESPACE "USERS" ;
--------------------------------------------------------
--  DDL for Table FAX_VENDOR_TRAFFIC
--------------------------------------------------------

  CREATE TABLE "ERG_USER"."FAX_VENDOR_TRAFFIC" 
   (	"FAX_VENDOR_TRAFFIC_ID" NUMBER(38,0), 
	"REFERNCE_ID" NUMBER(38,0), 
	"REFERENCE_TYPE" CHAR(1 BYTE), 
	"EFFECTIVE_START_TIME" TIMESTAMP (6), 
	"EFFECTIVE_END_TIME" TIMESTAMP (6), 
	"CREATE_USERID" VARCHAR2(50 BYTE), 
	"CREATE_TMSTP" TIMESTAMP (6) DEFAULT current_timestamp, 
	"LAST_FAX_TYPE_SEQ" NUMBER(38,0), 
	"UPDATE_USERID" VARCHAR2(50 BYTE), 
	"UPDATE_TMSTP" TIMESTAMP (6)
   ) SEGMENT CREATION DEFERRED 
  PCTFREE 10 PCTUSED 40 INITRANS 1 MAXTRANS 255 
 NOCOMPRESS LOGGING
  TABLESPACE "USERS" ;
--------------------------------------------------------
--  DDL for Table FAX_VENDOR_USER
--------------------------------------------------------

  CREATE TABLE "ERG_USER"."FAX_VENDOR_USER" 
   (	"FAX_VENDOR_USER_ID" NUMBER(38,0), 
	"FAX_VENDOR_ID" NUMBER(38,0), 
	"USER_ID" VARCHAR2(30 BYTE), 
	"PASSWORD" VARCHAR2(30 BYTE), 
	"VENDO_RETRY" NUMBER, 
	"IS_ACTIVE_IND" CHAR(1 BYTE), 
	"CREATE_USERID" VARCHAR2(50 BYTE), 
	"CREATE_TMSTP" TIMESTAMP (6) DEFAULT current_timestamp, 
	"UPDATE_USERID" VARCHAR2(50 BYTE), 
	"UPDATE_TMSTP" TIMESTAMP (6) DEFAULT current_timestamp
   ) SEGMENT CREATION DEFERRED 
  PCTFREE 10 PCTUSED 40 INITRANS 1 MAXTRANS 255 
 NOCOMPRESS LOGGING
  TABLESPACE "USERS" ;
--------------------------------------------------------
--  DDL for Table QRTZ_BLOB_TRIGGERS
--------------------------------------------------------

  CREATE TABLE "ERG_USER"."QRTZ_BLOB_TRIGGERS" 
   (	"SCHED_NAME" VARCHAR2(120 BYTE), 
	"TRIGGER_NAME" VARCHAR2(200 BYTE), 
	"TRIGGER_GROUP" VARCHAR2(200 BYTE), 
	"BLOB_DATA" BLOB
   ) SEGMENT CREATION DEFERRED 
  PCTFREE 10 PCTUSED 40 INITRANS 1 MAXTRANS 255 
 NOCOMPRESS LOGGING
  TABLESPACE "USERS" 
 LOB ("BLOB_DATA") STORE AS BASICFILE (
  TABLESPACE "USERS" ENABLE STORAGE IN ROW CHUNK 8192 RETENTION 
  NOCACHE LOGGING ) ;
--------------------------------------------------------
--  DDL for Table QRTZ_CALENDARS
--------------------------------------------------------

  CREATE TABLE "ERG_USER"."QRTZ_CALENDARS" 
   (	"SCHED_NAME" VARCHAR2(120 BYTE), 
	"CALENDAR_NAME" VARCHAR2(200 BYTE), 
	"CALENDAR" BLOB
   ) SEGMENT CREATION DEFERRED 
  PCTFREE 10 PCTUSED 40 INITRANS 1 MAXTRANS 255 
 NOCOMPRESS LOGGING
  TABLESPACE "USERS" 
 LOB ("CALENDAR") STORE AS BASICFILE (
  TABLESPACE "USERS" ENABLE STORAGE IN ROW CHUNK 8192 RETENTION 
  NOCACHE LOGGING ) ;
--------------------------------------------------------
--  DDL for Table QRTZ_CRON_TRIGGERS
--------------------------------------------------------

  CREATE TABLE "ERG_USER"."QRTZ_CRON_TRIGGERS" 
   (	"SCHED_NAME" VARCHAR2(120 BYTE), 
	"TRIGGER_NAME" VARCHAR2(200 BYTE), 
	"TRIGGER_GROUP" VARCHAR2(200 BYTE), 
	"CRON_EXPRESSION" VARCHAR2(120 BYTE), 
	"TIME_ZONE_ID" VARCHAR2(80 BYTE)
   ) SEGMENT CREATION IMMEDIATE 
  PCTFREE 10 PCTUSED 40 INITRANS 1 MAXTRANS 255 
 NOCOMPRESS LOGGING
  STORAGE(INITIAL 65536 NEXT 1048576 MINEXTENTS 1 MAXEXTENTS 2147483645
  PCTINCREASE 0 FREELISTS 1 FREELIST GROUPS 1
  BUFFER_POOL DEFAULT FLASH_CACHE DEFAULT CELL_FLASH_CACHE DEFAULT)
  TABLESPACE "USERS" ;
--------------------------------------------------------
--  DDL for Table QRTZ_FIRED_TRIGGERS
--------------------------------------------------------

  CREATE TABLE "ERG_USER"."QRTZ_FIRED_TRIGGERS" 
   (	"SCHED_NAME" VARCHAR2(120 BYTE), 
	"ENTRY_ID" VARCHAR2(140 BYTE), 
	"TRIGGER_NAME" VARCHAR2(200 BYTE), 
	"TRIGGER_GROUP" VARCHAR2(200 BYTE), 
	"INSTANCE_NAME" VARCHAR2(200 BYTE), 
	"FIRED_TIME" NUMBER(19,0), 
	"SCHED_TIME" NUMBER(19,0), 
	"PRIORITY" NUMBER(13,0), 
	"STATE" VARCHAR2(16 BYTE), 
	"JOB_NAME" VARCHAR2(200 BYTE), 
	"JOB_GROUP" VARCHAR2(200 BYTE), 
	"IS_NONCONCURRENT" VARCHAR2(1 BYTE), 
	"REQUESTS_RECOVERY" VARCHAR2(1 BYTE)
   ) SEGMENT CREATION IMMEDIATE 
  PCTFREE 10 PCTUSED 40 INITRANS 1 MAXTRANS 255 
 NOCOMPRESS LOGGING
  STORAGE(INITIAL 65536 NEXT 1048576 MINEXTENTS 1 MAXEXTENTS 2147483645
  PCTINCREASE 0 FREELISTS 1 FREELIST GROUPS 1
  BUFFER_POOL DEFAULT FLASH_CACHE DEFAULT CELL_FLASH_CACHE DEFAULT)
  TABLESPACE "USERS" ;
--------------------------------------------------------
--  DDL for Table QRTZ_JOB_DETAILS
--------------------------------------------------------

  CREATE TABLE "ERG_USER"."QRTZ_JOB_DETAILS" 
   (	"SCHED_NAME" VARCHAR2(120 BYTE), 
	"JOB_NAME" VARCHAR2(200 BYTE), 
	"JOB_GROUP" VARCHAR2(200 BYTE), 
	"DESCRIPTION" VARCHAR2(250 BYTE), 
	"JOB_CLASS_NAME" VARCHAR2(250 BYTE), 
	"IS_DURABLE" VARCHAR2(1 BYTE), 
	"IS_NONCONCURRENT" VARCHAR2(1 BYTE), 
	"IS_UPDATE_DATA" VARCHAR2(1 BYTE), 
	"REQUESTS_RECOVERY" VARCHAR2(1 BYTE), 
	"JOB_DATA" BLOB
   ) SEGMENT CREATION IMMEDIATE 
  PCTFREE 10 PCTUSED 40 INITRANS 1 MAXTRANS 255 
 NOCOMPRESS LOGGING
  STORAGE(INITIAL 65536 NEXT 1048576 MINEXTENTS 1 MAXEXTENTS 2147483645
  PCTINCREASE 0 FREELISTS 1 FREELIST GROUPS 1
  BUFFER_POOL DEFAULT FLASH_CACHE DEFAULT CELL_FLASH_CACHE DEFAULT)
  TABLESPACE "USERS" 
 LOB ("JOB_DATA") STORE AS BASICFILE (
  TABLESPACE "USERS" ENABLE STORAGE IN ROW CHUNK 8192 RETENTION 
  NOCACHE LOGGING 
  STORAGE(INITIAL 65536 NEXT 1048576 MINEXTENTS 1 MAXEXTENTS 2147483645
  PCTINCREASE 0 FREELISTS 1 FREELIST GROUPS 1
  BUFFER_POOL DEFAULT FLASH_CACHE DEFAULT CELL_FLASH_CACHE DEFAULT)) ;
--------------------------------------------------------
--  DDL for Table QRTZ_LOCKS
--------------------------------------------------------

  CREATE TABLE "ERG_USER"."QRTZ_LOCKS" 
   (	"SCHED_NAME" VARCHAR2(120 BYTE), 
	"LOCK_NAME" VARCHAR2(40 BYTE)
   ) SEGMENT CREATION IMMEDIATE 
  PCTFREE 10 PCTUSED 40 INITRANS 1 MAXTRANS 255 
 NOCOMPRESS LOGGING
  STORAGE(INITIAL 65536 NEXT 1048576 MINEXTENTS 1 MAXEXTENTS 2147483645
  PCTINCREASE 0 FREELISTS 1 FREELIST GROUPS 1
  BUFFER_POOL DEFAULT FLASH_CACHE DEFAULT CELL_FLASH_CACHE DEFAULT)
  TABLESPACE "USERS" ;
--------------------------------------------------------
--  DDL for Table QRTZ_PAUSED_TRIGGER_GRPS
--------------------------------------------------------

  CREATE TABLE "ERG_USER"."QRTZ_PAUSED_TRIGGER_GRPS" 
   (	"SCHED_NAME" VARCHAR2(120 BYTE), 
	"TRIGGER_GROUP" VARCHAR2(200 BYTE)
   ) SEGMENT CREATION DEFERRED 
  PCTFREE 10 PCTUSED 40 INITRANS 1 MAXTRANS 255 
 NOCOMPRESS LOGGING
  TABLESPACE "USERS" ;
--------------------------------------------------------
--  DDL for Table QRTZ_SCHEDULER_STATE
--------------------------------------------------------

  CREATE TABLE "ERG_USER"."QRTZ_SCHEDULER_STATE" 
   (	"SCHED_NAME" VARCHAR2(120 BYTE), 
	"INSTANCE_NAME" VARCHAR2(200 BYTE), 
	"LAST_CHECKIN_TIME" NUMBER(19,0), 
	"CHECKIN_INTERVAL" NUMBER(13,0)
   ) SEGMENT CREATION IMMEDIATE 
  PCTFREE 10 PCTUSED 40 INITRANS 1 MAXTRANS 255 
 NOCOMPRESS LOGGING
  STORAGE(INITIAL 65536 NEXT 1048576 MINEXTENTS 1 MAXEXTENTS 2147483645
  PCTINCREASE 0 FREELISTS 1 FREELIST GROUPS 1
  BUFFER_POOL DEFAULT FLASH_CACHE DEFAULT CELL_FLASH_CACHE DEFAULT)
  TABLESPACE "USERS" ;
--------------------------------------------------------
--  DDL for Table QRTZ_SIMPLE_TRIGGERS
--------------------------------------------------------

  CREATE TABLE "ERG_USER"."QRTZ_SIMPLE_TRIGGERS" 
   (	"SCHED_NAME" VARCHAR2(120 BYTE), 
	"TRIGGER_NAME" VARCHAR2(200 BYTE), 
	"TRIGGER_GROUP" VARCHAR2(200 BYTE), 
	"REPEAT_COUNT" NUMBER(7,0), 
	"REPEAT_INTERVAL" NUMBER(12,0), 
	"TIMES_TRIGGERED" NUMBER(10,0)
   ) SEGMENT CREATION DEFERRED 
  PCTFREE 10 PCTUSED 40 INITRANS 1 MAXTRANS 255 
 NOCOMPRESS LOGGING
  TABLESPACE "USERS" ;
--------------------------------------------------------
--  DDL for Table QRTZ_SIMPROP_TRIGGERS
--------------------------------------------------------

  CREATE TABLE "ERG_USER"."QRTZ_SIMPROP_TRIGGERS" 
   (	"SCHED_NAME" VARCHAR2(120 BYTE), 
	"TRIGGER_NAME" VARCHAR2(200 BYTE), 
	"TRIGGER_GROUP" VARCHAR2(200 BYTE), 
	"STR_PROP_1" VARCHAR2(512 BYTE), 
	"STR_PROP_2" VARCHAR2(512 BYTE), 
	"STR_PROP_3" VARCHAR2(512 BYTE), 
	"INT_PROP_1" NUMBER(10,0), 
	"INT_PROP_2" NUMBER(10,0), 
	"LONG_PROP_1" NUMBER(19,0), 
	"LONG_PROP_2" NUMBER(19,0), 
	"DEC_PROP_1" NUMBER(13,4), 
	"DEC_PROP_2" NUMBER(13,4), 
	"BOOL_PROP_1" VARCHAR2(1 BYTE), 
	"BOOL_PROP_2" VARCHAR2(1 BYTE), 
	"TIME_ZONE_ID" VARCHAR2(80 BYTE)
   ) SEGMENT CREATION DEFERRED 
  PCTFREE 10 PCTUSED 40 INITRANS 1 MAXTRANS 255 
 NOCOMPRESS LOGGING
  TABLESPACE "USERS" ;
--------------------------------------------------------
--  DDL for Table QRTZ_TRIGGERS
--------------------------------------------------------

  CREATE TABLE "ERG_USER"."QRTZ_TRIGGERS" 
   (	"SCHED_NAME" VARCHAR2(120 BYTE), 
	"TRIGGER_NAME" VARCHAR2(200 BYTE), 
	"TRIGGER_GROUP" VARCHAR2(200 BYTE), 
	"JOB_NAME" VARCHAR2(200 BYTE), 
	"JOB_GROUP" VARCHAR2(200 BYTE), 
	"DESCRIPTION" VARCHAR2(250 BYTE), 
	"NEXT_FIRE_TIME" NUMBER(19,0), 
	"PREV_FIRE_TIME" NUMBER(19,0), 
	"PRIORITY" NUMBER(13,0), 
	"TRIGGER_STATE" VARCHAR2(16 BYTE), 
	"TRIGGER_TYPE" VARCHAR2(8 BYTE), 
	"START_TIME" NUMBER(19,0), 
	"END_TIME" NUMBER(19,0), 
	"CALENDAR_NAME" VARCHAR2(200 BYTE), 
	"MISFIRE_INSTR" NUMBER(2,0), 
	"JOB_DATA" BLOB
   ) SEGMENT CREATION IMMEDIATE 
  PCTFREE 10 PCTUSED 40 INITRANS 1 MAXTRANS 255 
 NOCOMPRESS LOGGING
  STORAGE(INITIAL 65536 NEXT 1048576 MINEXTENTS 1 MAXEXTENTS 2147483645
  PCTINCREASE 0 FREELISTS 1 FREELIST GROUPS 1
  BUFFER_POOL DEFAULT FLASH_CACHE DEFAULT CELL_FLASH_CACHE DEFAULT)
  TABLESPACE "USERS" 
 LOB ("JOB_DATA") STORE AS BASICFILE (
  TABLESPACE "USERS" ENABLE STORAGE IN ROW CHUNK 8192 RETENTION 
  NOCACHE LOGGING 
  STORAGE(INITIAL 65536 NEXT 1048576 MINEXTENTS 1 MAXEXTENTS 2147483645
  PCTINCREASE 0 FREELISTS 1 FREELIST GROUPS 1
  BUFFER_POOL DEFAULT FLASH_CACHE DEFAULT CELL_FLASH_CACHE DEFAULT)) ;
--------------------------------------------------------
--  DDL for Table STUDENT
--------------------------------------------------------

  CREATE TABLE "ERG_USER"."STUDENT" 
   (	"ID" VARCHAR2(20 BYTE), 
	"NAME" VARCHAR2(20 BYTE), 
	"COURSE" VARCHAR2(20 BYTE)
   ) SEGMENT CREATION IMMEDIATE 
  PCTFREE 10 PCTUSED 40 INITRANS 1 MAXTRANS 255 
 NOCOMPRESS LOGGING
  STORAGE(INITIAL 65536 NEXT 1048576 MINEXTENTS 1 MAXEXTENTS 2147483645
  PCTINCREASE 0 FREELISTS 1 FREELIST GROUPS 1
  BUFFER_POOL DEFAULT FLASH_CACHE DEFAULT CELL_FLASH_CACHE DEFAULT)
  TABLESPACE "USERS" ;
--------------------------------------------------------
--  DDL for Table USER_APP_ROLE
--------------------------------------------------------

  CREATE TABLE "ERG_USER"."USER_APP_ROLE" 
   (	"USER_ID" VARCHAR2(10 BYTE), 
	"APP_CODE" VARCHAR2(20 BYTE), 
	"CATEGORY" VARCHAR2(20 BYTE), 
	"ROLE" VARCHAR2(20 BYTE), 
	"CREATE_TMSTP" TIMESTAMP (6) DEFAULT current_timestamp
   ) SEGMENT CREATION IMMEDIATE 
  PCTFREE 10 PCTUSED 40 INITRANS 1 MAXTRANS 255 
 NOCOMPRESS LOGGING
  STORAGE(INITIAL 65536 NEXT 1048576 MINEXTENTS 1 MAXEXTENTS 2147483645
  PCTINCREASE 0 FREELISTS 1 FREELIST GROUPS 1
  BUFFER_POOL DEFAULT FLASH_CACHE DEFAULT CELL_FLASH_CACHE DEFAULT)
  TABLESPACE "USERS" ;
REM INSERTING into ERG_USER.DELIVERY_OPTION
SET DEFINE OFF;
Insert into ERG_USER.DELIVERY_OPTION (DELIVERY_OPTION_ID,DELIVERY_OPTION_NM,IS_ACTIVE_IND,CONFIG_DATA,SOURCE_LIST,TARGET_LIST) values (8000,'CLIENT_BILLING_ENABLE_EPS_DLVRY',1,null,null,'true');
Insert into ERG_USER.DELIVERY_OPTION (DELIVERY_OPTION_ID,DELIVERY_OPTION_NM,IS_ACTIVE_IND,CONFIG_DATA,SOURCE_LIST,TARGET_LIST) values (8001,'CLIENT_BILLING_ENABLE_MOBIUS_DLVRY',1,null,null,'false');
Insert into ERG_USER.DELIVERY_OPTION (DELIVERY_OPTION_ID,DELIVERY_OPTION_NM,IS_ACTIVE_IND,CONFIG_DATA,SOURCE_LIST,TARGET_LIST) values (8010,'CLIENT_BILLING_ENABLE_MOBIUS_FILEINFO',1,null,null,'{"pdfFileName":"INVP11900000008","csvFileName":"INVC11900000003","pdfFileSeq":26,"csvFileSeq":18,"pdfPreviousDate":119,"csvPreviousDate":119,"csvCount":15,"pdfCount":18}');
Insert into ERG_USER.DELIVERY_OPTION (DELIVERY_OPTION_ID,DELIVERY_OPTION_NM,IS_ACTIVE_IND,CONFIG_DATA,SOURCE_LIST,TARGET_LIST) values (501,'cps.result.rxml',1,null,null,'MDM');
Insert into ERG_USER.DELIVERY_OPTION (DELIVERY_OPTION_ID,DELIVERY_OPTION_NM,IS_ACTIVE_IND,CONFIG_DATA,SOURCE_LIST,TARGET_LIST) values (502,'cps.resultlpid.result.publish',1,null,null,'CCDDS,EAP');
Insert into ERG_USER.DELIVERY_OPTION (DELIVERY_OPTION_ID,DELIVERY_OPTION_NM,IS_ACTIVE_IND,CONFIG_DATA,SOURCE_LIST,TARGET_LIST) values (5001,'FORCE_LCLS_METRIX_FILE',1,'<FORCE_LCLS_METRIX_FILE>
   <CREATE>false</CREATE>
   <LAST_CREATE_TMSTP>01-24-2020</LAST_CREATE_TMSTP>
</FORCE_LCLS_METRIX_FILE>',null,null);
Insert into ERG_USER.DELIVERY_OPTION (DELIVERY_OPTION_ID,DELIVERY_OPTION_NM,IS_ACTIVE_IND,CONFIG_DATA,SOURCE_LIST,TARGET_LIST) values (107,'DRPT',1,null,'209','209');
Insert into ERG_USER.DELIVERY_OPTION (DELIVERY_OPTION_ID,DELIVERY_OPTION_NM,IS_ACTIVE_IND,CONFIG_DATA,SOURCE_LIST,TARGET_LIST) values (109,'IG',1,null,'214','200,202');
Insert into ERG_USER.DELIVERY_OPTION (DELIVERY_OPTION_ID,DELIVERY_OPTION_NM,IS_ACTIVE_IND,CONFIG_DATA,SOURCE_LIST,TARGET_LIST) values (5004,'DELIVERY_STATUS_UPDATE',1,null,'10-JAN-20 10.09.50.325000 AM',null);
Insert into ERG_USER.DELIVERY_OPTION (DELIVERY_OPTION_ID,DELIVERY_OPTION_NM,IS_ACTIVE_IND,CONFIG_DATA,SOURCE_LIST,TARGET_LIST) values (7000,'FAX_STATUS_WAIT_MINS',1,null,null,'0,0');
Insert into ERG_USER.DELIVERY_OPTION (DELIVERY_OPTION_ID,DELIVERY_OPTION_NM,IS_ACTIVE_IND,CONFIG_DATA,SOURCE_LIST,TARGET_LIST) values (7001,'FAX_RETARUS_HEADER_STR',1,null,null,'%0f%tz=US/Eastern;      %m/%d/%Y %I:%M:%S %p%c FROM:#FAX_FROM# TO:%# #FAX_FROM# %rPage %P of %T%n      TO:#FAX_TO# ATTN:#ATTN#%0f');
Insert into ERG_USER.DELIVERY_OPTION (DELIVERY_OPTION_ID,DELIVERY_OPTION_NM,IS_ACTIVE_IND,CONFIG_DATA,SOURCE_LIST,TARGET_LIST) values (106,'SYNC-SRVC',1,null,'204,206,211,213','204,206,211,213');
Insert into ERG_USER.DELIVERY_OPTION (DELIVERY_OPTION_ID,DELIVERY_OPTION_NM,IS_ACTIVE_IND,CONFIG_DATA,SOURCE_LIST,TARGET_LIST) values (5000,'BP_PUSH_FORCE_DX',1,'<BP_PUSH_FORCE_DX>LCLS_DV193G</BP_PUSH_FORCE_DX>',null,null);
Insert into ERG_USER.DELIVERY_OPTION (DELIVERY_OPTION_ID,DELIVERY_OPTION_NM,IS_ACTIVE_IND,CONFIG_DATA,SOURCE_LIST,TARGET_LIST) values (207,'EDI',1,null,null,null);
Insert into ERG_USER.DELIVERY_OPTION (DELIVERY_OPTION_ID,DELIVERY_OPTION_NM,IS_ACTIVE_IND,CONFIG_DATA,SOURCE_LIST,TARGET_LIST) values (218,'COR',1,null,null,null);
Insert into ERG_USER.DELIVERY_OPTION (DELIVERY_OPTION_ID,DELIVERY_OPTION_NM,IS_ACTIVE_IND,CONFIG_DATA,SOURCE_LIST,TARGET_LIST) values (219,'SIS',1,null,null,null);
Insert into ERG_USER.DELIVERY_OPTION (DELIVERY_OPTION_ID,DELIVERY_OPTION_NM,IS_ACTIVE_IND,CONFIG_DATA,SOURCE_LIST,TARGET_LIST) values (112,'Test',1,null,null,null);
Insert into ERG_USER.DELIVERY_OPTION (DELIVERY_OPTION_ID,DELIVERY_OPTION_NM,IS_ACTIVE_IND,CONFIG_DATA,SOURCE_LIST,TARGET_LIST) values (2003,'LANDINGZONE',1,null,null,'LZDEV|Dev_Landing_Zone|TH9LGv3b+zoRXmCC26IfCFsvXtRJ4wpc3fURJKwV|https://bnaecs01.labcorp.com|20');
Insert into ERG_USER.DELIVERY_OPTION (DELIVERY_OPTION_ID,DELIVERY_OPTION_NM,IS_ACTIVE_IND,CONFIG_DATA,SOURCE_LIST,TARGET_LIST) values (212,'OTS',1,null,null,null);
Insert into ERG_USER.DELIVERY_OPTION (DELIVERY_OPTION_ID,DELIVERY_OPTION_NM,IS_ACTIVE_IND,CONFIG_DATA,SOURCE_LIST,TARGET_LIST) values (5002,'FORCE_SEND_EHL7_NOPDF',1,'<FORCE_SEND_EHL7_NOPDF>
   <enable>Y</enable>
   <elapsed_time_mins>20</elapsed_time_mins>
</FORCE_SEND_EHL7_NOPDF>','90',null);
Insert into ERG_USER.DELIVERY_OPTION (DELIVERY_OPTION_ID,DELIVERY_OPTION_NM,IS_ACTIVE_IND,CONFIG_DATA,SOURCE_LIST,TARGET_LIST) values (215,'USLABS',1,null,null,null);
Insert into ERG_USER.DELIVERY_OPTION (DELIVERY_OPTION_ID,DELIVERY_OPTION_NM,IS_ACTIVE_IND,CONFIG_DATA,SOURCE_LIST,TARGET_LIST) values (214,'IG',1,null,null,null);
Insert into ERG_USER.DELIVERY_OPTION (DELIVERY_OPTION_ID,DELIVERY_OPTION_NM,IS_ACTIVE_IND,CONFIG_DATA,SOURCE_LIST,TARGET_LIST) values (110,'TRIAD',1,null,'215,216','200,210');
Insert into ERG_USER.DELIVERY_OPTION (DELIVERY_OPTION_ID,DELIVERY_OPTION_NM,IS_ACTIVE_IND,CONFIG_DATA,SOURCE_LIST,TARGET_LIST) values (216,'DIANON',1,null,null,null);
Insert into ERG_USER.DELIVERY_OPTION (DELIVERY_OPTION_ID,DELIVERY_OPTION_NM,IS_ACTIVE_IND,CONFIG_DATA,SOURCE_LIST,TARGET_LIST) values (217,'CPS',1,null,null,null);
Insert into ERG_USER.DELIVERY_OPTION (DELIVERY_OPTION_ID,DELIVERY_OPTION_NM,IS_ACTIVE_IND,CONFIG_DATA,SOURCE_LIST,TARGET_LIST) values (113,'HEDIS',1,null,null,null);
Insert into ERG_USER.DELIVERY_OPTION (DELIVERY_OPTION_ID,DELIVERY_OPTION_NM,IS_ACTIVE_IND,CONFIG_DATA,SOURCE_LIST,TARGET_LIST) values (220,'ECSS3',1,null,null,null);
Insert into ERG_USER.DELIVERY_OPTION (DELIVERY_OPTION_ID,DELIVERY_OPTION_NM,IS_ACTIVE_IND,CONFIG_DATA,SOURCE_LIST,TARGET_LIST) values (1000,'ServiceName',1,null,'ResultDetailsByLURIRestSrvc,TrendResultsByPatient,getResultsByDemographics,discreteResultsByAccession,getAccessionsbyDemographics,GetReportPDFRestSrvc,ResultReportWs,ThirdPartyReportWs,IGPrintBranch,IGFaxPrintSrvc,TriadFaxAdapter,TriadStatusRouter,DocumentStorageSrvc',null);
Insert into ERG_USER.DELIVERY_OPTION (DELIVERY_OPTION_ID,DELIVERY_OPTION_NM,IS_ACTIVE_IND,CONFIG_DATA,SOURCE_LIST,TARGET_LIST) values (302,'LCLS',1,null,null,null);
Insert into ERG_USER.DELIVERY_OPTION (DELIVERY_OPTION_ID,DELIVERY_OPTION_NM,IS_ACTIVE_IND,CONFIG_DATA,SOURCE_LIST,TARGET_LIST) values (2001,'RESULTREPORT',1,null,null,'ergrpuser|Dev_EntResultReport|z8TNBCA3QnsMPIESh2bSGnf7zUdmhXsBqecZ6zWJ|https://bnaecs01.labcorp.com|20');
Insert into ERG_USER.DELIVERY_OPTION (DELIVERY_OPTION_ID,DELIVERY_OPTION_NM,IS_ACTIVE_IND,CONFIG_DATA,SOURCE_LIST,TARGET_LIST) values (2000,'PAYERHEDIS',1,null,null,'payor-hedis|Dev_cfp_payor_hedis|VmeAGT2TYEf5o9r2/OIwBlRUUB2RyXZU0cOmF5Dv|https://bnaecs01.labcorp.com|1');
Insert into ERG_USER.DELIVERY_OPTION (DELIVERY_OPTION_ID,DELIVERY_OPTION_NM,IS_ACTIVE_IND,CONFIG_DATA,SOURCE_LIST,TARGET_LIST) values (2002,'INVOICE',1,null,null,'cfp-patient-invoice-dev|Dev_cfp-patient-invoice|Xj6UgHo5M1gqmzy6nk2Bs9yCUsFNB6qJnRQXfE+P|https://bnaecs01.labcorp.com|20');
Insert into ERG_USER.DELIVERY_OPTION (DELIVERY_OPTION_ID,DELIVERY_OPTION_NM,IS_ACTIVE_IND,CONFIG_DATA,SOURCE_LIST,TARGET_LIST) values (3002,'cps.resultlpid.result.publish',1,null,null,'CCDDS');
Insert into ERG_USER.DELIVERY_OPTION (DELIVERY_OPTION_ID,DELIVERY_OPTION_NM,IS_ACTIVE_IND,CONFIG_DATA,SOURCE_LIST,TARGET_LIST) values (3000,'cps.result.rdsjsn',1,null,null,'LINKDS,MPDS,ECSDS');
Insert into ERG_USER.DELIVERY_OPTION (DELIVERY_OPTION_ID,DELIVERY_OPTION_NM,IS_ACTIVE_IND,CONFIG_DATA,SOURCE_LIST,TARGET_LIST) values (3001,'cps.result.rxml',1,null,null,'EAP');
Insert into ERG_USER.DELIVERY_OPTION (DELIVERY_OPTION_ID,DELIVERY_OPTION_NM,IS_ACTIVE_IND,CONFIG_DATA,SOURCE_LIST,TARGET_LIST) values (108,'ORDER',1,null,'210,204','208');
Insert into ERG_USER.DELIVERY_OPTION (DELIVERY_OPTION_ID,DELIVERY_OPTION_NM,IS_ACTIVE_IND,CONFIG_DATA,SOURCE_LIST,TARGET_LIST) values (208,'PDR',1,null,null,null);
Insert into ERG_USER.DELIVERY_OPTION (DELIVERY_OPTION_ID,DELIVERY_OPTION_NM,IS_ACTIVE_IND,CONFIG_DATA,SOURCE_LIST,TARGET_LIST) values (209,'LCLS',1,null,null,null);
Insert into ERG_USER.DELIVERY_OPTION (DELIVERY_OPTION_ID,DELIVERY_OPTION_NM,IS_ACTIVE_IND,CONFIG_DATA,SOURCE_LIST,TARGET_LIST) values (210,'LCA-EDI',1,null,null,null);
Insert into ERG_USER.DELIVERY_OPTION (DELIVERY_OPTION_ID,DELIVERY_OPTION_NM,IS_ACTIVE_IND,CONFIG_DATA,SOURCE_LIST,TARGET_LIST) values (6001,'RESULTREPORT',1,null,'NA','{"accessKey":"ergrpuser","bucketName":"Dev_EnterpriseResultsAndReportStorage", "secretKey":"z8TNBCA3QnsMPIESh2bSGnf7zUdmhXsBqecZ6zWJ","url":"https://bnaecs01.labcorp.com"}');
Insert into ERG_USER.DELIVERY_OPTION (DELIVERY_OPTION_ID,DELIVERY_OPTION_NM,IS_ACTIVE_IND,CONFIG_DATA,SOURCE_LIST,TARGET_LIST) values (213,'DOC1-THIRDPARTY',1,null,null,null);
Insert into ERG_USER.DELIVERY_OPTION (DELIVERY_OPTION_ID,DELIVERY_OPTION_NM,IS_ACTIVE_IND,CONFIG_DATA,SOURCE_LIST,TARGET_LIST) values (6002,'INVOICE',1,null,'NA','{"accessKey":"cfp-patient-invoice-dev","bucketName":"Dev_cfp-patient-invoice","secretKey":"Xj6UgHo5M1gqmzy6nk2Bs9yCUsFNB6qJnRQXfE+P","url":"https://bnaecs01.labcorp.com"}');
Insert into ERG_USER.DELIVERY_OPTION (DELIVERY_OPTION_ID,DELIVERY_OPTION_NM,IS_ACTIVE_IND,CONFIG_DATA,SOURCE_LIST,TARGET_LIST) values (6000,'PAYERHEDIS',1,null,'{"ftpHost":"BNWFTP01.LCA.LABCORP.COM","userName":"cfp|cfppss3ftp","password":"f923wDQF6z","port":"21"}','{"accessKey":"payor-hedis","bucketName":"Dev_cfp_payor_hedis_report","secretKey":"VmeAGT2TYEf5o9r2/OIwBlRUUB2RyXZU0cOmF5Dv","url":"https://bnaecs01.labcorp.com"}');
Insert into ERG_USER.DELIVERY_OPTION (DELIVERY_OPTION_ID,DELIVERY_OPTION_NM,IS_ACTIVE_IND,CONFIG_DATA,SOURCE_LIST,TARGET_LIST) values (7021,'cps.result.gapxml',1,null,null,'EAP');
Insert into ERG_USER.DELIVERY_OPTION (DELIVERY_OPTION_ID,DELIVERY_OPTION_NM,IS_ACTIVE_IND,CONFIG_DATA,SOURCE_LIST,TARGET_LIST) values (7020,'cps.result.gapxml',1,null,null,'EAP');
REM INSERTING into ERG_USER.DLVRY
SET DEFINE OFF;
Insert into ERG_USER.DLVRY (DLVRY_ID,TRK_ID,RPTD_TS,ROUTE,SRC_SYS_CD,SRC_CORRLTN_ID,SPEC_KEY,MSG_TYPE,SRC_STUS_RTRN,LPID,RPT_IND,ECS_IND,DLVRY_TYPE,DLVRY_TS,DLVRY_STUS,TRGT_SYS_CD,TRGT_CORRLTN_ID,ADDTNL_DLVRY,TRGT_RTRN_STUS_CD,TRGT_RTRN_STUS_DESC,TRGT_RTRN_TS,SRC_STUS_RTRN_TS,RULE_SET,CREAT_SRVC_ID,CREAT_TS,LAST_UPDT_SRVC_ID,LAST_UPDT_SRVC_TS,RETRY_CNT) values (15069189318256955305345590186253552851,15069189318256955305345590186253552841,to_timestamp('09-09-19 04:54:53.721000000 PM','DD-MM-RR HH12:MI:SSXFF AM'),'CLIENT_INV','dian0','dian020192489904614000000002DT20190909072412.pdf','24899046140_2018','INVOICE','200',null,null,'Y','ECS',to_timestamp('28-04-20 11:25:00.024000000 AM','DD-MM-RR HH12:MI:SSXFF AM'),'NF','MOBIUS','PDF:IDX=INVP11900000008,MEM=P0000021|CSV:IDX=NONE','PDF:Y|CSV:N','C','javax.net.ssl.SSLHandshakeException: com.ibm.jsse2.util.h: PKIX path building failed: com.ibm.security.cert.IBMCertPathBuilderException: unable to find valid certification path to requested target',null,to_timestamp('09-09-19 04:54:56.303000000 PM','DD-MM-RR HH12:MI:SSXFF AM'),null,'image-write-srvc',to_timestamp('28-04-20 04:00:51.403000000 PM','DD-MM-RR HH12:MI:SSXFF AM'),'client-invoice-mobius-sch',to_timestamp('24-04-20 04:02:16.196000000 PM','DD-MM-RR HH12:MI:SSXFF AM'),null);
Insert into ERG_USER.DLVRY (DLVRY_ID,TRK_ID,RPTD_TS,ROUTE,SRC_SYS_CD,SRC_CORRLTN_ID,SPEC_KEY,MSG_TYPE,SRC_STUS_RTRN,LPID,RPT_IND,ECS_IND,DLVRY_TYPE,DLVRY_TS,DLVRY_STUS,TRGT_SYS_CD,TRGT_CORRLTN_ID,ADDTNL_DLVRY,TRGT_RTRN_STUS_CD,TRGT_RTRN_STUS_DESC,TRGT_RTRN_TS,SRC_STUS_RTRN_TS,RULE_SET,CREAT_SRVC_ID,CREAT_TS,LAST_UPDT_SRVC_ID,LAST_UPDT_SRVC_TS,RETRY_CNT) values (15069189318256955305345590186253552854,15069189318256955305345590186253552842,to_timestamp('09-09-19 04:54:53.721000000 PM','DD-MM-RR HH12:MI:SSXFF AM'),'CLIENT_INV','dian0','dian020192489904614000000002DT20190909072412.pdf','24899046140_2018','INVOICE','200',null,null,'Y','ECS',to_timestamp('28-04-20 11:25:00.026000000 AM','DD-MM-RR HH12:MI:SSXFF AM'),'C ','MOBIUS','PDF:IDX=INVP11900000008,MEM=P0000022|CSV:IDX=INVC11900000003,MEM=C0000014','PDF:Y|CSV:Y','C','PreparedStatementCallback; bad SQL grammar [SELECT DOCUMENT FROM ERG_USER.TRANS_DOCUMENT_AUDIT WHERE TRANS_AUDIT_ID=? AND DOCUMENT_TYPE=?]; nested exception is java.sql.SQLSyntaxErrorException: ORA-00942: table or view does not exist
',null,to_timestamp('09-09-19 04:54:56.303000000 PM','DD-MM-RR HH12:MI:SSXFF AM'),null,'image-write-srvc',to_timestamp('28-04-20 04:00:51.403000000 PM','DD-MM-RR HH12:MI:SSXFF AM'),'client-invoice-mobius-sch',to_timestamp('24-04-20 04:02:00.027000000 PM','DD-MM-RR HH12:MI:SSXFF AM'),null);
Insert into ERG_USER.DLVRY (DLVRY_ID,TRK_ID,RPTD_TS,ROUTE,SRC_SYS_CD,SRC_CORRLTN_ID,SPEC_KEY,MSG_TYPE,SRC_STUS_RTRN,LPID,RPT_IND,ECS_IND,DLVRY_TYPE,DLVRY_TS,DLVRY_STUS,TRGT_SYS_CD,TRGT_CORRLTN_ID,ADDTNL_DLVRY,TRGT_RTRN_STUS_CD,TRGT_RTRN_STUS_DESC,TRGT_RTRN_TS,SRC_STUS_RTRN_TS,RULE_SET,CREAT_SRVC_ID,CREAT_TS,LAST_UPDT_SRVC_ID,LAST_UPDT_SRVC_TS,RETRY_CNT) values (15069189318256955305345590186253552857,15069189318256955305345590186253552842,to_timestamp('09-09-19 04:54:53.721000000 PM','DD-MM-RR HH12:MI:SSXFF AM'),'CLIENT_INV','dian0','dian020192489904614000000002DT20190909072412.pdf','24899046140_2018','INVOICE','200',null,null,'Y','ECS',to_timestamp('28-04-20 11:25:00.027000000 AM','DD-MM-RR HH12:MI:SSXFF AM'),'C ','MOBIUS','PDF:IDX=INVP11900000008,MEM=P0000023|CSV:IDX=INVC11900000003,MEM=C0000015','PDF:Y|CSV:Y','C','PreparedStatementCallback; bad SQL grammar [SELECT DOCUMENT FROM ERG_USER.TRANS_DOCUMENT_AUDIT WHERE TRANS_AUDIT_ID=? AND DOCUMENT_TYPE=?]; nested exception is java.sql.SQLSyntaxErrorException: ORA-00942: table or view does not exist
',null,to_timestamp('09-09-19 04:54:56.303000000 PM','DD-MM-RR HH12:MI:SSXFF AM'),null,'image-write-srvc',to_timestamp('28-04-20 04:00:51.403000000 PM','DD-MM-RR HH12:MI:SSXFF AM'),'client-invoice-mobius-sch',to_timestamp('23-04-20 04:18:00.066000000 PM','DD-MM-RR HH12:MI:SSXFF AM'),null);
Insert into ERG_USER.DLVRY (DLVRY_ID,TRK_ID,RPTD_TS,ROUTE,SRC_SYS_CD,SRC_CORRLTN_ID,SPEC_KEY,MSG_TYPE,SRC_STUS_RTRN,LPID,RPT_IND,ECS_IND,DLVRY_TYPE,DLVRY_TS,DLVRY_STUS,TRGT_SYS_CD,TRGT_CORRLTN_ID,ADDTNL_DLVRY,TRGT_RTRN_STUS_CD,TRGT_RTRN_STUS_DESC,TRGT_RTRN_TS,SRC_STUS_RTRN_TS,RULE_SET,CREAT_SRVC_ID,CREAT_TS,LAST_UPDT_SRVC_ID,LAST_UPDT_SRVC_TS,RETRY_CNT) values (15069189318256955305345590186253552859,15069189318256955305345590186253552844,to_timestamp('09-09-19 04:54:53.721000000 PM','DD-MM-RR HH12:MI:SSXFF AM'),'CLIENT_INV','dian0','dian020192489904614000000002DT20190909072412.pdf','24899046140_2018','INVOICE','200',null,null,'Y','ECS',to_timestamp('28-04-20 11:25:00.029000000 AM','DD-MM-RR HH12:MI:SSXFF AM'),'C ','MOBIUS','PDF:IDX=INVP11900000008,MEM=P0000024|CSV:IDX=INVC11900000003,MEM=C0000016','PDF:Y|CSV:Y','C','PreparedStatementCallback; bad SQL grammar [SELECT DOCUMENT FROM ERG_USER.TRANS_DOCUMENT_AUDIT WHERE TRANS_AUDIT_ID=? AND DOCUMENT_TYPE=?]; nested exception is java.sql.SQLSyntaxErrorException: ORA-00942: table or view does not exist
',null,to_timestamp('09-09-19 04:54:56.303000000 PM','DD-MM-RR HH12:MI:SSXFF AM'),null,'image-write-srvc',to_timestamp('28-04-20 04:00:51.403000000 PM','DD-MM-RR HH12:MI:SSXFF AM'),'client-invoice-mobius-sch',to_timestamp('23-04-20 04:18:00.026000000 PM','DD-MM-RR HH12:MI:SSXFF AM'),null);
Insert into ERG_USER.DLVRY (DLVRY_ID,TRK_ID,RPTD_TS,ROUTE,SRC_SYS_CD,SRC_CORRLTN_ID,SPEC_KEY,MSG_TYPE,SRC_STUS_RTRN,LPID,RPT_IND,ECS_IND,DLVRY_TYPE,DLVRY_TS,DLVRY_STUS,TRGT_SYS_CD,TRGT_CORRLTN_ID,ADDTNL_DLVRY,TRGT_RTRN_STUS_CD,TRGT_RTRN_STUS_DESC,TRGT_RTRN_TS,SRC_STUS_RTRN_TS,RULE_SET,CREAT_SRVC_ID,CREAT_TS,LAST_UPDT_SRVC_ID,LAST_UPDT_SRVC_TS,RETRY_CNT) values (15069189318256955305345590186253552890,15069189318256955305345590186253552845,to_timestamp('09-09-19 04:54:53.721000000 PM','DD-MM-RR HH12:MI:SSXFF AM'),'CLIENT_INV','dian0','dian020192489904614000000002DT20190909072412.pdf','24899046140_2018','INVOICE','200',null,null,'Y','ECS',to_timestamp('28-04-20 11:25:00.031000000 AM','DD-MM-RR HH12:MI:SSXFF AM'),'C ','MOBIUS','PDF:IDX=INVP11900000008,MEM=P0000025|CSV:IDX=INVC11900000003,MEM=C0000017','PDF:Y|CSV:Y','C','PreparedStatementCallback; bad SQL grammar [SELECT DOCUMENT FROM ERG_USER.TRANS_DOCUMENT_AUDIT WHERE TRANS_AUDIT_ID=? AND DOCUMENT_TYPE=?]; nested exception is java.sql.SQLSyntaxErrorException: ORA-00942: table or view does not exist
',null,to_timestamp('09-09-19 04:54:56.303000000 PM','DD-MM-RR HH12:MI:SSXFF AM'),null,'image-write-srvc',to_timestamp('28-04-20 04:00:51.403000000 PM','DD-MM-RR HH12:MI:SSXFF AM'),'client-invoice-mobius-sch',to_timestamp('23-04-20 04:18:00.027000000 PM','DD-MM-RR HH12:MI:SSXFF AM'),null);
Insert into ERG_USER.DLVRY (DLVRY_ID,TRK_ID,RPTD_TS,ROUTE,SRC_SYS_CD,SRC_CORRLTN_ID,SPEC_KEY,MSG_TYPE,SRC_STUS_RTRN,LPID,RPT_IND,ECS_IND,DLVRY_TYPE,DLVRY_TS,DLVRY_STUS,TRGT_SYS_CD,TRGT_CORRLTN_ID,ADDTNL_DLVRY,TRGT_RTRN_STUS_CD,TRGT_RTRN_STUS_DESC,TRGT_RTRN_TS,SRC_STUS_RTRN_TS,RULE_SET,CREAT_SRVC_ID,CREAT_TS,LAST_UPDT_SRVC_ID,LAST_UPDT_SRVC_TS,RETRY_CNT) values (15069189318256955305345590186253552849,15069189318256955305345590186253552849,to_timestamp('09-09-19 04:54:53.721000000 PM','DD-MM-RR HH12:MI:SSXFF AM'),'CLIENT_INV','dian0','dian020192489904614000000002DT20190909072412.pdf','24899046140_2018','INVOICE','200',null,null,'Y','ECS',to_timestamp('28-04-20 11:25:00.032000000 AM','DD-MM-RR HH12:MI:SSXFF AM'),'C ','MOBIUS','PDF:IDX=INVP11900000008,MEM=P0000026|CSV:IDX=INVC11900000003,MEM=C0000018','PDF:Y|CSV:Y','C','PreparedStatementCallback; bad SQL grammar [SELECT DOCUMENT FROM ERG_USER.TRANS_DOCUMENT_AUDIT WHERE TRANS_AUDIT_ID=? AND DOCUMENT_TYPE=?]; nested exception is java.sql.SQLSyntaxErrorException: ORA-00942: table or view does not exist
',null,to_timestamp('09-09-19 04:54:56.303000000 PM','DD-MM-RR HH12:MI:SSXFF AM'),null,'image-write-srvc',to_timestamp('28-04-20 04:00:51.403000000 PM','DD-MM-RR HH12:MI:SSXFF AM'),'client-invoice-mobius-sch',to_timestamp('23-04-20 04:18:00.025000000 PM','DD-MM-RR HH12:MI:SSXFF AM'),null);
Insert into ERG_USER.DLVRY (DLVRY_ID,TRK_ID,RPTD_TS,ROUTE,SRC_SYS_CD,SRC_CORRLTN_ID,SPEC_KEY,MSG_TYPE,SRC_STUS_RTRN,LPID,RPT_IND,ECS_IND,DLVRY_TYPE,DLVRY_TS,DLVRY_STUS,TRGT_SYS_CD,TRGT_CORRLTN_ID,ADDTNL_DLVRY,TRGT_RTRN_STUS_CD,TRGT_RTRN_STUS_DESC,TRGT_RTRN_TS,SRC_STUS_RTRN_TS,RULE_SET,CREAT_SRVC_ID,CREAT_TS,LAST_UPDT_SRVC_ID,LAST_UPDT_SRVC_TS,RETRY_CNT) values (41454837193567632703219098979568308787,17871362213617830852999155939835452844,to_timestamp('30-06-19 12:00:00.000000000 AM','DD-MM-RR HH12:MI:SSXFF AM'),'CLIENT_INV','NGI','LCBS.BILL.CM.NGI_20190630.000000.bin','32001205_06302019','INVOICE',null,null,null,null,'RDS',null,'C ','RDS','32001205_06302019',null,null,null,null,null,null,'client-invoice-parser',to_timestamp('13-12-19 10:22:43.186230000 AM','DD-MM-RR HH12:MI:SSXFF AM'),null,null,null);
Insert into ERG_USER.DLVRY (DLVRY_ID,TRK_ID,RPTD_TS,ROUTE,SRC_SYS_CD,SRC_CORRLTN_ID,SPEC_KEY,MSG_TYPE,SRC_STUS_RTRN,LPID,RPT_IND,ECS_IND,DLVRY_TYPE,DLVRY_TS,DLVRY_STUS,TRGT_SYS_CD,TRGT_CORRLTN_ID,ADDTNL_DLVRY,TRGT_RTRN_STUS_CD,TRGT_RTRN_STUS_DESC,TRGT_RTRN_TS,SRC_STUS_RTRN_TS,RULE_SET,CREAT_SRVC_ID,CREAT_TS,LAST_UPDT_SRVC_ID,LAST_UPDT_SRVC_TS,RETRY_CNT) values (61802222346643841672528861442162529160,16954659675747249836433573315983553889,to_timestamp('30-06-19 12:00:00.000000000 AM','DD-MM-RR HH12:MI:SSXFF AM'),'CLIENT_INV','NGI','LCBS.BILL.CM.NGI_20190630.000000.bin','32001205_06302019','INVOICE',null,null,null,null,'RDS',null,'C ','RDS','32001205_06302019',null,null,null,null,null,null,'client-invoice-parser',to_timestamp('13-12-19 11:59:40.862861000 AM','DD-MM-RR HH12:MI:SSXFF AM'),null,null,null);
Insert into ERG_USER.DLVRY (DLVRY_ID,TRK_ID,RPTD_TS,ROUTE,SRC_SYS_CD,SRC_CORRLTN_ID,SPEC_KEY,MSG_TYPE,SRC_STUS_RTRN,LPID,RPT_IND,ECS_IND,DLVRY_TYPE,DLVRY_TS,DLVRY_STUS,TRGT_SYS_CD,TRGT_CORRLTN_ID,ADDTNL_DLVRY,TRGT_RTRN_STUS_CD,TRGT_RTRN_STUS_DESC,TRGT_RTRN_TS,SRC_STUS_RTRN_TS,RULE_SET,CREAT_SRVC_ID,CREAT_TS,LAST_UPDT_SRVC_ID,LAST_UPDT_SRVC_TS,RETRY_CNT) values (17178335348730145691497161809416975912,87899120603107938649176353138573880738,to_timestamp('30-06-19 12:00:00.000000000 AM','DD-MM-RR HH12:MI:SSXFF AM'),'CLIENT_INV','NGI','LCBS.BILL.CM.NGI_20190630.000000.bin','32001205_06302019','INVOICE',null,null,null,null,'RDS',null,'C ','RDS','32001205_06302019',null,null,null,null,null,null,'client-invoice-parser',to_timestamp('13-12-19 11:54:06.281706000 PM','DD-MM-RR HH12:MI:SSXFF AM'),null,null,null);
Insert into ERG_USER.DLVRY (DLVRY_ID,TRK_ID,RPTD_TS,ROUTE,SRC_SYS_CD,SRC_CORRLTN_ID,SPEC_KEY,MSG_TYPE,SRC_STUS_RTRN,LPID,RPT_IND,ECS_IND,DLVRY_TYPE,DLVRY_TS,DLVRY_STUS,TRGT_SYS_CD,TRGT_CORRLTN_ID,ADDTNL_DLVRY,TRGT_RTRN_STUS_CD,TRGT_RTRN_STUS_DESC,TRGT_RTRN_TS,SRC_STUS_RTRN_TS,RULE_SET,CREAT_SRVC_ID,CREAT_TS,LAST_UPDT_SRVC_ID,LAST_UPDT_SRVC_TS,RETRY_CNT) values (18461101794210121010189969761666786421,31893569466699014020233414598299937590,to_timestamp('30-06-19 02:00:00.000000000 AM','DD-MM-RR HH12:MI:SSXFF AM'),'CLIENT_INV','NGI','LCBS.BILL.CM.NGI_20190630.020000.ECOMM.bin','32001205_06302019','INVOICE',null,null,'Y',null,'RDS',null,'C ','RDS','32001205_06302019','PDF:Y|CSV:Y',null,null,null,null,null,'client-invoice-parser',to_timestamp('19-12-19 01:56:14.549743000 PM','DD-MM-RR HH12:MI:SSXFF AM'),'client-invoice-pdf',to_timestamp('19-12-19 01:56:18.060634000 PM','DD-MM-RR HH12:MI:SSXFF AM'),null);
Insert into ERG_USER.DLVRY (DLVRY_ID,TRK_ID,RPTD_TS,ROUTE,SRC_SYS_CD,SRC_CORRLTN_ID,SPEC_KEY,MSG_TYPE,SRC_STUS_RTRN,LPID,RPT_IND,ECS_IND,DLVRY_TYPE,DLVRY_TS,DLVRY_STUS,TRGT_SYS_CD,TRGT_CORRLTN_ID,ADDTNL_DLVRY,TRGT_RTRN_STUS_CD,TRGT_RTRN_STUS_DESC,TRGT_RTRN_TS,SRC_STUS_RTRN_TS,RULE_SET,CREAT_SRVC_ID,CREAT_TS,LAST_UPDT_SRVC_ID,LAST_UPDT_SRVC_TS,RETRY_CNT) values (11167418906708414070334718977849938881,25974631611867421957081904060464693250,to_timestamp('30-06-19 01:00:00.000000000 AM','DD-MM-RR HH12:MI:SSXFF AM'),'CLIENT_INV','NGI','LCBS.BILL.CM.NGI_20190630.010000.ECOMM.bin','32001205_06302019','INVOICE',null,null,null,null,'RDS',null,'C ','RDS','32001205_06302019','PDF:N|CSV:N',null,null,null,null,null,'client-invoice-parser',to_timestamp('19-12-19 10:22:29.836816000 AM','DD-MM-RR HH12:MI:SSXFF AM'),null,null,null);
Insert into ERG_USER.DLVRY (DLVRY_ID,TRK_ID,RPTD_TS,ROUTE,SRC_SYS_CD,SRC_CORRLTN_ID,SPEC_KEY,MSG_TYPE,SRC_STUS_RTRN,LPID,RPT_IND,ECS_IND,DLVRY_TYPE,DLVRY_TS,DLVRY_STUS,TRGT_SYS_CD,TRGT_CORRLTN_ID,ADDTNL_DLVRY,TRGT_RTRN_STUS_CD,TRGT_RTRN_STUS_DESC,TRGT_RTRN_TS,SRC_STUS_RTRN_TS,RULE_SET,CREAT_SRVC_ID,CREAT_TS,LAST_UPDT_SRVC_ID,LAST_UPDT_SRVC_TS,RETRY_CNT) values (85762935162593026051617115772782769156,15987154440523794647998388053636707141,to_timestamp('30-06-19 12:00:00.000000000 AM','DD-MM-RR HH12:MI:SSXFF AM'),'CLIENT_INV','NGI','LCBS.BILL.CM.NGI_20190630.000000.bin','32001205_06302019','INVOICE',null,null,'Y',null,'RDS',to_timestamp('16-04-20 10:56:01.986807000 AM','DD-MM-RR HH12:MI:SSXFF AM'),'C ','MOBIUS','PDF:IDX=INVP10700311096,MEM=P0311174|CSV:IDX=INVC10700197902,MEM=C0197980','PDF:Y|CSV:Y','C',null,null,null,null,'client-invoice-parser',to_timestamp('16-04-20 10:55:06.593768000 AM','DD-MM-RR HH12:MI:SSXFF AM'),'client-invoice-mobius-sch',to_timestamp('16-04-20 10:55:08.180579000 AM','DD-MM-RR HH12:MI:SSXFF AM'),null);
Insert into ERG_USER.DLVRY (DLVRY_ID,TRK_ID,RPTD_TS,ROUTE,SRC_SYS_CD,SRC_CORRLTN_ID,SPEC_KEY,MSG_TYPE,SRC_STUS_RTRN,LPID,RPT_IND,ECS_IND,DLVRY_TYPE,DLVRY_TS,DLVRY_STUS,TRGT_SYS_CD,TRGT_CORRLTN_ID,ADDTNL_DLVRY,TRGT_RTRN_STUS_CD,TRGT_RTRN_STUS_DESC,TRGT_RTRN_TS,SRC_STUS_RTRN_TS,RULE_SET,CREAT_SRVC_ID,CREAT_TS,LAST_UPDT_SRVC_ID,LAST_UPDT_SRVC_TS,RETRY_CNT) values (12325913707218219084142593166639149603,12159424143044261712324903045591577968,to_timestamp('30-06-19 12:00:00.000000000 AM','DD-MM-RR HH12:MI:SSXFF AM'),'CLIENT_INV','NGI','LCBS.BILL.CM.NGI_20190630.000000.bin','32001205_06302019','INVOICE',null,null,'Y',null,'RDS',to_timestamp('16-04-20 11:54:02.032237000 AM','DD-MM-RR HH12:MI:SSXFF AM'),'C ','MOBIUS','PDF:IDX=INVP10700311096,MEM=P0311188|CSV:IDX=INVC10700197902,MEM=C0197994','PDF:Y|CSV:Y','C',null,null,null,null,'client-invoice-parser',to_timestamp('16-04-20 11:53:08.431016000 AM','DD-MM-RR HH12:MI:SSXFF AM'),'client-invoice-mobius-sch',to_timestamp('16-04-20 11:53:09.576267000 AM','DD-MM-RR HH12:MI:SSXFF AM'),null);
Insert into ERG_USER.DLVRY (DLVRY_ID,TRK_ID,RPTD_TS,ROUTE,SRC_SYS_CD,SRC_CORRLTN_ID,SPEC_KEY,MSG_TYPE,SRC_STUS_RTRN,LPID,RPT_IND,ECS_IND,DLVRY_TYPE,DLVRY_TS,DLVRY_STUS,TRGT_SYS_CD,TRGT_CORRLTN_ID,ADDTNL_DLVRY,TRGT_RTRN_STUS_CD,TRGT_RTRN_STUS_DESC,TRGT_RTRN_TS,SRC_STUS_RTRN_TS,RULE_SET,CREAT_SRVC_ID,CREAT_TS,LAST_UPDT_SRVC_ID,LAST_UPDT_SRVC_TS,RETRY_CNT) values (90389897145766471771391371384552682387,77562123174017654284822257023674471411,to_timestamp('30-06-19 12:00:00.000000000 AM','DD-MM-RR HH12:MI:SSXFF AM'),'CLIENT_INV','NGI','LCBS.BILL.CM.NGI_20190630.000000.bin','32001205_06302019','INVOICE',null,null,'Y',null,'RDS',to_timestamp('16-04-20 10:48:02.228853000 AM','DD-MM-RR HH12:MI:SSXFF AM'),'C ','MOBIUS','PDF:IDX=INVP10700311096,MEM=P0311160|CSV:IDX=INVC10700197902,MEM=C0197966','PDF:Y|CSV:Y','C',null,null,null,null,'client-invoice-parser',to_timestamp('16-04-20 10:47:07.678176000 AM','DD-MM-RR HH12:MI:SSXFF AM'),'client-invoice-mobius-sch',to_timestamp('16-04-20 10:47:08.629203000 AM','DD-MM-RR HH12:MI:SSXFF AM'),null);
REM INSERTING into ERG_USER.EMP
SET DEFINE OFF;
Insert into ERG_USER.EMP (ID,NAME,COURSE) values ('101','siree','civil');
REM INSERTING into ERG_USER.FAX_PROFILE
SET DEFINE OFF;
REM INSERTING into ERG_USER.FAX_VENDOR
SET DEFINE OFF;
Insert into ERG_USER.FAX_VENDOR (FAX_VENDOR_ID,VENDOR_CD,VENDOR_NAME,IS_ACTIVE_IND,CREATE_USERID,CREATE_TMSTP,UPDATE_USERID,UPDATE_TMSTP) values (1,'RETARUS','RETARUS','0','thanghk',to_timestamp('03-05-19 12:00:00.000000000 AM','DD-MM-RR HH12:MI:SSXFF AM'),null,to_timestamp('03-05-19 03:37:31.470951000 PM','DD-MM-RR HH12:MI:SSXFF AM'));
Insert into ERG_USER.FAX_VENDOR (FAX_VENDOR_ID,VENDOR_CD,VENDOR_NAME,IS_ACTIVE_IND,CREATE_USERID,CREATE_TMSTP,UPDATE_USERID,UPDATE_TMSTP) values (2,'OPENTEXT','OPENTEXT','1','thanghk',to_timestamp('03-05-19 12:00:00.000000000 AM','DD-MM-RR HH12:MI:SSXFF AM'),null,to_timestamp('03-05-19 03:37:31.637313000 PM','DD-MM-RR HH12:MI:SSXFF AM'));
Insert into ERG_USER.FAX_VENDOR (FAX_VENDOR_ID,VENDOR_CD,VENDOR_NAME,IS_ACTIVE_IND,CREATE_USERID,CREATE_TMSTP,UPDATE_USERID,UPDATE_TMSTP) values (3,'J2','J2','1','prakasr',to_timestamp('10-11-20 02:51:55.377393000 PM','DD-MM-RR HH12:MI:SSXFF AM'),null,to_timestamp('10-11-20 02:51:55.377393000 PM','DD-MM-RR HH12:MI:SSXFF AM'));
REM INSERTING into ERG_USER.FAX_VENDOR_CONFIG
SET DEFINE OFF;
Insert into ERG_USER.FAX_VENDOR_CONFIG (FAX_VENDOR_CONFIG_ID,VENDOR_CD,FAX_TYPE_CD,IS_FILEREN_IND,IS_ACTIVE_IND,EFFECTIVE_START_TIME,EFFECTIVE_END_TIME,CREATE_USERID,CREATE_TMSTP,UPDATE_USERID,UPDATE_TMSTP) values (683,'XPEDIT-DEV0110151345','FAX',0,1,to_timestamp('09-01-18 10:25:06.662000000 AM','DD-MM-RR HH12:MI:SSXFF AM'),to_timestamp('10-01-18 03:13:45.000000000 PM','DD-MM-RR HH12:MI:SSXFF AM'),'studdag',to_timestamp('09-01-18 10:25:06.000000000 AM','DD-MM-RR HH12:MI:SSXFF AM'),'studdag',to_timestamp('10-01-18 03:13:45.000000000 PM','DD-MM-RR HH12:MI:SSXFF AM'));
Insert into ERG_USER.FAX_VENDOR_CONFIG (FAX_VENDOR_CONFIG_ID,VENDOR_CD,FAX_TYPE_CD,IS_FILEREN_IND,IS_ACTIVE_IND,EFFECTIVE_START_TIME,EFFECTIVE_END_TIME,CREATE_USERID,CREATE_TMSTP,UPDATE_USERID,UPDATE_TMSTP) values (703,'XPDF60215040644','FAXF6',1,1,to_timestamp('16-01-19 03:24:33.964000000 AM','DD-MM-RR HH12:MI:SSXFF AM'),to_timestamp('15-02-19 04:06:44.000000000 AM','DD-MM-RR HH12:MI:SSXFF AM'),'paism',to_timestamp('08-02-18 11:24:28.000000000 AM','DD-MM-RR HH12:MI:SSXFF AM'),'venkas3',to_timestamp('15-02-19 04:06:44.000000000 AM','DD-MM-RR HH12:MI:SSXFF AM'));
Insert into ERG_USER.FAX_VENDOR_CONFIG (FAX_VENDOR_CONFIG_ID,VENDOR_CD,FAX_TYPE_CD,IS_FILEREN_IND,IS_ACTIVE_IND,EFFECTIVE_START_TIME,EFFECTIVE_END_TIME,CREATE_USERID,CREATE_TMSTP,UPDATE_USERID,UPDATE_TMSTP) values (761,'10000619021928','FAX',1,1,to_timestamp('19-06-19 02:16:38.820000000 AM','DD-MM-RR HH12:MI:SSXFF AM'),to_timestamp('19-06-19 02:19:28.000000000 AM','DD-MM-RR HH12:MI:SSXFF AM'),'venkas3',to_timestamp('19-06-19 02:16:38.000000000 AM','DD-MM-RR HH12:MI:SSXFF AM'),'venkas3',to_timestamp('19-06-19 02:19:28.000000000 AM','DD-MM-RR HH12:MI:SSXFF AM'));
Insert into ERG_USER.FAX_VENDOR_CONFIG (FAX_VENDOR_CONFIG_ID,VENDOR_CD,FAX_TYPE_CD,IS_FILEREN_IND,IS_ACTIVE_IND,EFFECTIVE_START_TIME,EFFECTIVE_END_TIME,CREATE_USERID,CREATE_TMSTP,UPDATE_USERID,UPDATE_TMSTP) values (3,'RETARU0612032742','FAX',0,1,to_timestamp('15-02-19 05:47:41.658000000 AM','DD-MM-RR HH12:MI:SSXFF AM'),to_timestamp('12-06-19 03:27:42.000000000 AM','DD-MM-RR HH12:MI:SSXFF AM'),'thanghk',to_timestamp('16-07-15 06:03:02.000000000 AM','DD-MM-RR HH12:MI:SSXFF AM'),'venkas3',to_timestamp('12-06-19 03:27:42.000000000 AM','DD-MM-RR HH12:MI:SSXFF AM'));
Insert into ERG_USER.FAX_VENDOR_CONFIG (FAX_VENDOR_CONFIG_ID,VENDOR_CD,FAX_TYPE_CD,IS_FILEREN_IND,IS_ACTIVE_IND,EFFECTIVE_START_TIME,EFFECTIVE_END_TIME,CREATE_USERID,CREATE_TMSTP,UPDATE_USERID,UPDATE_TMSTP) values (4,'ATFX10426050527','FAX',0,0,to_timestamp('08-07-19 02:48:13.678000000 PM','DD-MM-RR HH12:MI:SSXFF AM'),to_timestamp('26-04-20 05:05:27.000000000 AM','DD-MM-RR HH12:MI:SSXFF AM'),'thanghk',to_timestamp('16-07-15 06:05:03.000000000 AM','DD-MM-RR HH12:MI:SSXFF AM'),'venkas3',to_timestamp('26-04-20 05:05:27.000000000 AM','DD-MM-RR HH12:MI:SSXFF AM'));
Insert into ERG_USER.FAX_VENDOR_CONFIG (FAX_VENDOR_CONFIG_ID,VENDOR_CD,FAX_TYPE_CD,IS_FILEREN_IND,IS_ACTIVE_IND,EFFECTIVE_START_TIME,EFFECTIVE_END_TIME,CREATE_USERID,CREATE_TMSTP,UPDATE_USERID,UPDATE_TMSTP) values (5,'XPEDIT','FAX',0,1,to_timestamp('29-08-19 08:33:20.468000000 AM','DD-MM-RR HH12:MI:SSXFF AM'),null,'thanghk',to_timestamp('16-07-15 06:05:35.000000000 AM','DD-MM-RR HH12:MI:SSXFF AM'),'paism',to_timestamp('29-08-19 08:33:20.000000000 AM','DD-MM-RR HH12:MI:SSXFF AM'));
Insert into ERG_USER.FAX_VENDOR_CONFIG (FAX_VENDOR_CONFIG_ID,VENDOR_CD,FAX_TYPE_CD,IS_FILEREN_IND,IS_ACTIVE_IND,EFFECTIVE_START_TIME,EFFECTIVE_END_TIME,CREATE_USERID,CREATE_TMSTP,UPDATE_USERID,UPDATE_TMSTP) values (6,'RETF6','FAXF6',0,1,to_timestamp('02-07-18 03:25:01.875000000 PM','DD-MM-RR HH12:MI:SSXFF AM'),null,'thanghk',to_timestamp('16-07-15 06:09:06.000000000 AM','DD-MM-RR HH12:MI:SSXFF AM'),'paism',to_timestamp('02-07-18 03:25:01.000000000 PM','DD-MM-RR HH12:MI:SSXFF AM'));
Insert into ERG_USER.FAX_VENDOR_CONFIG (FAX_VENDOR_CONFIG_ID,VENDOR_CD,FAX_TYPE_CD,IS_FILEREN_IND,IS_ACTIVE_IND,EFFECTIVE_START_TIME,EFFECTIVE_END_TIME,CREATE_USERID,CREATE_TMSTP,UPDATE_USERID,UPDATE_TMSTP) values (7,'ATF610826135711','FAXF6',0,0,to_timestamp('20-08-18 04:14:51.494000000 PM','DD-MM-RR HH12:MI:SSXFF AM'),to_timestamp('26-08-20 01:57:11.000000000 PM','DD-MM-RR HH12:MI:SSXFF AM'),'thanghk',to_timestamp('16-07-15 06:09:28.000000000 AM','DD-MM-RR HH12:MI:SSXFF AM'),'studdag',to_timestamp('26-08-20 01:57:11.000000000 PM','DD-MM-RR HH12:MI:SSXFF AM'));
Insert into ERG_USER.FAX_VENDOR_CONFIG (FAX_VENDOR_CONFIG_ID,VENDOR_CD,FAX_TYPE_CD,IS_FILEREN_IND,IS_ACTIVE_IND,EFFECTIVE_START_TIME,EFFECTIVE_END_TIME,CREATE_USERID,CREATE_TMSTP,UPDATE_USERID,UPDATE_TMSTP) values (11,'ATF60826135723','IFAXF6',0,0,to_timestamp('13-12-18 09:53:00.035000000 AM','DD-MM-RR HH12:MI:SSXFF AM'),to_timestamp('26-08-20 01:57:23.000000000 PM','DD-MM-RR HH12:MI:SSXFF AM'),'thanghk',to_timestamp('16-07-15 06:19:48.000000000 AM','DD-MM-RR HH12:MI:SSXFF AM'),'studdag',to_timestamp('26-08-20 01:57:23.000000000 PM','DD-MM-RR HH12:MI:SSXFF AM'));
Insert into ERG_USER.FAX_VENDOR_CONFIG (FAX_VENDOR_CONFIG_ID,VENDOR_CD,FAX_TYPE_CD,IS_FILEREN_IND,IS_ACTIVE_IND,EFFECTIVE_START_TIME,EFFECTIVE_END_TIME,CREATE_USERID,CREATE_TMSTP,UPDATE_USERID,UPDATE_TMSTP) values (704,'ATFX0826135734','FAXF6',1,0,to_timestamp('15-04-19 02:06:47.091000000 PM','DD-MM-RR HH12:MI:SSXFF AM'),to_timestamp('26-08-20 01:57:34.000000000 PM','DD-MM-RR HH12:MI:SSXFF AM'),'paism',to_timestamp('08-02-18 11:39:44.000000000 AM','DD-MM-RR HH12:MI:SSXFF AM'),'studdag',to_timestamp('26-08-20 01:57:34.000000000 PM','DD-MM-RR HH12:MI:SSXFF AM'));
Insert into ERG_USER.FAX_VENDOR_CONFIG (FAX_VENDOR_CONFIG_ID,VENDOR_CD,FAX_TYPE_CD,IS_FILEREN_IND,IS_ACTIVE_IND,EFFECTIVE_START_TIME,EFFECTIVE_END_TIME,CREATE_USERID,CREATE_TMSTP,UPDATE_USERID,UPDATE_TMSTP) values (721,'10204013155','FAXF6',1,1,to_timestamp('04-02-19 01:31:41.662000000 AM','DD-MM-RR HH12:MI:SSXFF AM'),to_timestamp('04-02-19 01:31:55.000000000 AM','DD-MM-RR HH12:MI:SSXFF AM'),'venkas3',to_timestamp('04-02-19 01:31:41.000000000 AM','DD-MM-RR HH12:MI:SSXFF AM'),'venkas3',to_timestamp('04-02-19 01:31:55.000000000 AM','DD-MM-RR HH12:MI:SSXFF AM'));
REM INSERTING into ERG_USER.FAX_VENDOR_CONN
SET DEFINE OFF;
Insert into ERG_USER.FAX_VENDOR_CONN (FAX_VENDOR_CONN_ID,FAX_VENDOR_ID,PROTOCOL,HOST,PORT,PATH,RETRY_COUNT,TIMEOUT,IS_ACTIVE_IND,CREATE_USERID,CREATE_TMSTP,UPDATE_USERID,UPDATE_TMSTP) values (1,1,'http','faxapisvcs-dev.labcorp.com',null,'retarus/rest/v1/12034US/fax',null,null,'1','thanghk',to_timestamp('03-05-19 12:00:00.000000000 AM','DD-MM-RR HH12:MI:SSXFF AM'),null,to_timestamp('03-05-19 03:43:08.413279000 PM','DD-MM-RR HH12:MI:SSXFF AM'));
Insert into ERG_USER.FAX_VENDOR_CONN (FAX_VENDOR_CONN_ID,FAX_VENDOR_ID,PROTOCOL,HOST,PORT,PATH,RETRY_COUNT,TIMEOUT,IS_ACTIVE_IND,CREATE_USERID,CREATE_TMSTP,UPDATE_USERID,UPDATE_TMSTP) values (2,2,'http','faxapisvcs-dev.labcorp.com',null,'opentext/soap/sync',null,null,'1','thanghk',to_timestamp('03-05-19 12:00:00.000000000 AM','DD-MM-RR HH12:MI:SSXFF AM'),null,to_timestamp('03-05-19 03:43:08.573561000 PM','DD-MM-RR HH12:MI:SSXFF AM'));
Insert into ERG_USER.FAX_VENDOR_CONN (FAX_VENDOR_CONN_ID,FAX_VENDOR_ID,PROTOCOL,HOST,PORT,PATH,RETRY_COUNT,TIMEOUT,IS_ACTIVE_IND,CREATE_USERID,CREATE_TMSTP,UPDATE_USERID,UPDATE_TMSTP) values (3,1,'http','faxapisvcs-dev.labcorp.com',null,'retarus/rest/v1/12158US/fax',null,null,'1','thanghk',to_timestamp('17-12-19 12:00:00.000000000 AM','DD-MM-RR HH12:MI:SSXFF AM'),null,to_timestamp('17-12-19 12:00:00.000000000 AM','DD-MM-RR HH12:MI:SSXFF AM'));
Insert into ERG_USER.FAX_VENDOR_CONN (FAX_VENDOR_CONN_ID,FAX_VENDOR_ID,PROTOCOL,HOST,PORT,PATH,RETRY_COUNT,TIMEOUT,IS_ACTIVE_IND,CREATE_USERID,CREATE_TMSTP,UPDATE_USERID,UPDATE_TMSTP) values (4,3,'https','api.securedocex.com',null,'faxes',null,null,'1','prakasr',to_timestamp('10-11-20 02:54:29.126104000 PM','DD-MM-RR HH12:MI:SSXFF AM'),null,to_timestamp('10-11-20 02:54:29.126104000 PM','DD-MM-RR HH12:MI:SSXFF AM'));
REM INSERTING into ERG_USER.FAX_VENDOR_FTP_DETAIL
SET DEFINE OFF;
Insert into ERG_USER.FAX_VENDOR_FTP_DETAIL (FAX_VENDOR_FTP_DETAIL_ID,FAX_VENDOR_CONFIG_ID,FTP_CONN_NAME,FTP_HOST_IPADDRESS,FTP_PATH,FTP_USER_ID,FTP_PASSWORD,FTP_TIMEOUT_INSECS,FTP_RETRY_COUNT,WEIGHT,IS_ACTIVE_IND,EFFECTIVE_START_TIME,EFFECTIVE_END_TIME,CREATE_USERID,CREATE_TMSTP,UPDATE_USERID,UPDATE_TMSTP) values (801,683,'Xpedit-Dev0110151345','172.24.200.202101345','poll/','t2labcorp9','welcome',0,3,1,1,to_timestamp('09-01-18 10:27:51.724000000 AM','DD-MM-RR HH12:MI:SSXFF AM'),to_timestamp('10-01-18 03:13:45.000000000 PM','DD-MM-RR HH12:MI:SSXFF AM'),'studdag',to_timestamp('09-01-18 10:25:06.000000000 AM','DD-MM-RR HH12:MI:SSXFF AM'),'studdag',to_timestamp('10-01-18 03:13:45.000000000 PM','DD-MM-RR HH12:MI:SSXFF AM'));
Insert into ERG_USER.FAX_VENDOR_FTP_DETAIL (FAX_VENDOR_FTP_DETAIL_ID,FAX_VENDOR_CONFIG_ID,FTP_CONN_NAME,FTP_HOST_IPADDRESS,FTP_PATH,FTP_USER_ID,FTP_PASSWORD,FTP_TIMEOUT_INSECS,FTP_RETRY_COUNT,WEIGHT,IS_ACTIVE_IND,EFFECTIVE_START_TIME,EFFECTIVE_END_TIME,CREATE_USERID,CREATE_TMSTP,UPDATE_USERID,UPDATE_TMSTP) values (1,3,'Retarus-Bulk0612032742','172.30.200.13','poll/','lab8f6','lab543',0,3,5,1,to_timestamp('11-06-19 10:11:24.662000000 AM','DD-MM-RR HH12:MI:SSXFF AM'),to_timestamp('12-06-19 03:27:42.000000000 AM','DD-MM-RR HH12:MI:SSXFF AM'),'thanghk',to_timestamp('16-07-15 06:23:58.000000000 AM','DD-MM-RR HH12:MI:SSXFF AM'),'venkas3',to_timestamp('12-06-19 03:27:42.000000000 AM','DD-MM-RR HH12:MI:SSXFF AM'));
Insert into ERG_USER.FAX_VENDOR_FTP_DETAIL (FAX_VENDOR_FTP_DETAIL_ID,FAX_VENDOR_CONFIG_ID,FTP_CONN_NAME,FTP_HOST_IPADDRESS,FTP_PATH,FTP_USER_ID,FTP_PASSWORD,FTP_TIMEOUT_INSECS,FTP_RETRY_COUNT,WEIGHT,IS_ACTIVE_IND,EFFECTIVE_START_TIME,EFFECTIVE_END_TIME,CREATE_USERID,CREATE_TMSTP,UPDATE_USERID,UPDATE_TMSTP) values (2,4,'ATT-Lislie1-Bulk0426050527','172.24.201.203260527','poll/','lcsys8','Lab345',0,4,5,1,to_timestamp('19-06-19 02:51:29.969000000 AM','DD-MM-RR HH12:MI:SSXFF AM'),to_timestamp('26-04-20 05:05:27.000000000 AM','DD-MM-RR HH12:MI:SSXFF AM'),'thanghk',to_timestamp('16-07-15 06:26:42.000000000 AM','DD-MM-RR HH12:MI:SSXFF AM'),'venkas3',to_timestamp('26-04-20 05:05:27.000000000 AM','DD-MM-RR HH12:MI:SSXFF AM'));
Insert into ERG_USER.FAX_VENDOR_FTP_DETAIL (FAX_VENDOR_FTP_DETAIL_ID,FAX_VENDOR_CONFIG_ID,FTP_CONN_NAME,FTP_HOST_IPADDRESS,FTP_PATH,FTP_USER_ID,FTP_PASSWORD,FTP_TIMEOUT_INSECS,FTP_RETRY_COUNT,WEIGHT,IS_ACTIVE_IND,EFFECTIVE_START_TIME,EFFECTIVE_END_TIME,CREATE_USERID,CREATE_TMSTP,UPDATE_USERID,UPDATE_TMSTP) values (3,5,'Premier-Bulk','172.24.201.78','poll/','labcorp9','lab927',0,3,1,1,to_timestamp('08-02-18 11:44:50.807000000 AM','DD-MM-RR HH12:MI:SSXFF AM'),null,'thanghk',to_timestamp('16-07-15 06:27:26.000000000 AM','DD-MM-RR HH12:MI:SSXFF AM'),'paism',to_timestamp('08-02-18 11:44:50.000000000 AM','DD-MM-RR HH12:MI:SSXFF AM'));
Insert into ERG_USER.FAX_VENDOR_FTP_DETAIL (FAX_VENDOR_FTP_DETAIL_ID,FAX_VENDOR_CONFIG_ID,FTP_CONN_NAME,FTP_HOST_IPADDRESS,FTP_PATH,FTP_USER_ID,FTP_PASSWORD,FTP_TIMEOUT_INSECS,FTP_RETRY_COUNT,WEIGHT,IS_ACTIVE_IND,EFFECTIVE_START_TIME,EFFECTIVE_END_TIME,CREATE_USERID,CREATE_TMSTP,UPDATE_USERID,UPDATE_TMSTP) values (4,6,'Retarus-F6','172.30.200.13','poll/','lab8f6','lab543',0,3,1,1,to_timestamp('11-06-19 02:14:05.608000000 PM','DD-MM-RR HH12:MI:SSXFF AM'),null,'thanghk',to_timestamp('16-07-15 06:29:00.000000000 AM','DD-MM-RR HH12:MI:SSXFF AM'),'studdag',to_timestamp('11-06-19 02:14:05.000000000 PM','DD-MM-RR HH12:MI:SSXFF AM'));
Insert into ERG_USER.FAX_VENDOR_FTP_DETAIL (FAX_VENDOR_FTP_DETAIL_ID,FAX_VENDOR_CONFIG_ID,FTP_CONN_NAME,FTP_HOST_IPADDRESS,FTP_PATH,FTP_USER_ID,FTP_PASSWORD,FTP_TIMEOUT_INSECS,FTP_RETRY_COUNT,WEIGHT,IS_ACTIVE_IND,EFFECTIVE_START_TIME,EFFECTIVE_END_TIME,CREATE_USERID,CREATE_TMSTP,UPDATE_USERID,UPDATE_TMSTP) values (5,7,'ATT-Lislie1-F60826135711','172.24.201.203265711','poll/','lab9f6','lab423',0,3,1,1,to_timestamp('03-07-18 09:16:28.752000000 AM','DD-MM-RR HH12:MI:SSXFF AM'),to_timestamp('26-08-20 01:57:11.000000000 PM','DD-MM-RR HH12:MI:SSXFF AM'),'thanghk',to_timestamp('16-07-15 06:30:14.000000000 AM','DD-MM-RR HH12:MI:SSXFF AM'),'studdag',to_timestamp('26-08-20 01:57:11.000000000 PM','DD-MM-RR HH12:MI:SSXFF AM'));
Insert into ERG_USER.FAX_VENDOR_FTP_DETAIL (FAX_VENDOR_FTP_DETAIL_ID,FAX_VENDOR_CONFIG_ID,FTP_CONN_NAME,FTP_HOST_IPADDRESS,FTP_PATH,FTP_USER_ID,FTP_PASSWORD,FTP_TIMEOUT_INSECS,FTP_RETRY_COUNT,WEIGHT,IS_ACTIVE_IND,EFFECTIVE_START_TIME,EFFECTIVE_END_TIME,CREATE_USERID,CREATE_TMSTP,UPDATE_USERID,UPDATE_TMSTP) values (6,10,'ATT-INT-ORD3-Bulk','172.24.201.203','poll/','labcorp9','lab927',180,3,1,1,to_timestamp('16-07-15 01:00:00.000000000 AM','DD-MM-RR HH12:MI:SSXFF AM'),null,'thanghk',to_timestamp('16-07-15 06:31:14.000000000 AM','DD-MM-RR HH12:MI:SSXFF AM'),null,null);
Insert into ERG_USER.FAX_VENDOR_FTP_DETAIL (FAX_VENDOR_FTP_DETAIL_ID,FAX_VENDOR_CONFIG_ID,FTP_CONN_NAME,FTP_HOST_IPADDRESS,FTP_PATH,FTP_USER_ID,FTP_PASSWORD,FTP_TIMEOUT_INSECS,FTP_RETRY_COUNT,WEIGHT,IS_ACTIVE_IND,EFFECTIVE_START_TIME,EFFECTIVE_END_TIME,CREATE_USERID,CREATE_TMSTP,UPDATE_USERID,UPDATE_TMSTP) values (7,11,'ATT-INT-Lislie1-F60826135723','172.24.201.203265723','poll/','lab9f6','lab423',0,3,1,1,to_timestamp('08-02-18 11:08:43.846000000 AM','DD-MM-RR HH12:MI:SSXFF AM'),to_timestamp('26-08-20 01:57:23.000000000 PM','DD-MM-RR HH12:MI:SSXFF AM'),'thanghk',to_timestamp('16-07-15 06:32:10.000000000 AM','DD-MM-RR HH12:MI:SSXFF AM'),'studdag',to_timestamp('26-08-20 01:57:23.000000000 PM','DD-MM-RR HH12:MI:SSXFF AM'));
Insert into ERG_USER.FAX_VENDOR_FTP_DETAIL (FAX_VENDOR_FTP_DETAIL_ID,FAX_VENDOR_CONFIG_ID,FTP_CONN_NAME,FTP_HOST_IPADDRESS,FTP_PATH,FTP_USER_ID,FTP_PASSWORD,FTP_TIMEOUT_INSECS,FTP_RETRY_COUNT,WEIGHT,IS_ACTIVE_IND,EFFECTIVE_START_TIME,EFFECTIVE_END_TIME,CREATE_USERID,CREATE_TMSTP,UPDATE_USERID,UPDATE_TMSTP) values (822,703,'Premier-F60215040644','172.24.201.78150644','poll/','lab9f6','sajdhasdh',0,4,1,1,to_timestamp('04-02-19 01:25:09.005000000 AM','DD-MM-RR HH12:MI:SSXFF AM'),to_timestamp('15-02-19 04:06:44.000000000 AM','DD-MM-RR HH12:MI:SSXFF AM'),'paism',to_timestamp('08-02-18 11:24:28.000000000 AM','DD-MM-RR HH12:MI:SSXFF AM'),'venkas3',to_timestamp('15-02-19 04:06:44.000000000 AM','DD-MM-RR HH12:MI:SSXFF AM'));
Insert into ERG_USER.FAX_VENDOR_FTP_DETAIL (FAX_VENDOR_FTP_DETAIL_ID,FAX_VENDOR_CONFIG_ID,FTP_CONN_NAME,FTP_HOST_IPADDRESS,FTP_PATH,FTP_USER_ID,FTP_PASSWORD,FTP_TIMEOUT_INSECS,FTP_RETRY_COUNT,WEIGHT,IS_ACTIVE_IND,EFFECTIVE_START_TIME,EFFECTIVE_END_TIME,CREATE_USERID,CREATE_TMSTP,UPDATE_USERID,UPDATE_TMSTP) values (823,4,'ATT-Lislie2-Bulk0426050527','172.30.200.13260527','poll/','lab8f6','lab543',0,3,1,0,to_timestamp('03-07-18 08:26:16.978000000 AM','DD-MM-RR HH12:MI:SSXFF AM'),to_timestamp('26-04-20 05:05:27.000000000 AM','DD-MM-RR HH12:MI:SSXFF AM'),'paism',to_timestamp('08-02-18 11:31:28.000000000 AM','DD-MM-RR HH12:MI:SSXFF AM'),'venkas3',to_timestamp('26-04-20 05:05:27.000000000 AM','DD-MM-RR HH12:MI:SSXFF AM'));
Insert into ERG_USER.FAX_VENDOR_FTP_DETAIL (FAX_VENDOR_FTP_DETAIL_ID,FAX_VENDOR_CONFIG_ID,FTP_CONN_NAME,FTP_HOST_IPADDRESS,FTP_PATH,FTP_USER_ID,FTP_PASSWORD,FTP_TIMEOUT_INSECS,FTP_RETRY_COUNT,WEIGHT,IS_ACTIVE_IND,EFFECTIVE_START_TIME,EFFECTIVE_END_TIME,CREATE_USERID,CREATE_TMSTP,UPDATE_USERID,UPDATE_TMSTP) values (824,7,'ATT-Lislie2-F60826135711','172.24.201.223265711','poll/','lab9f6','lab423',0,3,1,0,to_timestamp('03-07-18 08:26:42.104000000 AM','DD-MM-RR HH12:MI:SSXFF AM'),to_timestamp('26-08-20 01:57:11.000000000 PM','DD-MM-RR HH12:MI:SSXFF AM'),'paism',to_timestamp('08-02-18 11:34:16.000000000 AM','DD-MM-RR HH12:MI:SSXFF AM'),'studdag',to_timestamp('26-08-20 01:57:11.000000000 PM','DD-MM-RR HH12:MI:SSXFF AM'));
Insert into ERG_USER.FAX_VENDOR_FTP_DETAIL (FAX_VENDOR_FTP_DETAIL_ID,FAX_VENDOR_CONFIG_ID,FTP_CONN_NAME,FTP_HOST_IPADDRESS,FTP_PATH,FTP_USER_ID,FTP_PASSWORD,FTP_TIMEOUT_INSECS,FTP_RETRY_COUNT,WEIGHT,IS_ACTIVE_IND,EFFECTIVE_START_TIME,EFFECTIVE_END_TIME,CREATE_USERID,CREATE_TMSTP,UPDATE_USERID,UPDATE_TMSTP) values (861,761,'abc0619021928','dev191928','dev','venkas3','Javaguy@11',0,1,1,1,to_timestamp('19-06-19 02:16:38.832000000 AM','DD-MM-RR HH12:MI:SSXFF AM'),to_timestamp('19-06-19 02:19:28.000000000 AM','DD-MM-RR HH12:MI:SSXFF AM'),'venkas3',to_timestamp('19-06-19 02:16:38.000000000 AM','DD-MM-RR HH12:MI:SSXFF AM'),'venkas3',to_timestamp('19-06-19 02:19:28.000000000 AM','DD-MM-RR HH12:MI:SSXFF AM'));
Insert into ERG_USER.FAX_VENDOR_FTP_DETAIL (FAX_VENDOR_FTP_DETAIL_ID,FAX_VENDOR_CONFIG_ID,FTP_CONN_NAME,FTP_HOST_IPADDRESS,FTP_PATH,FTP_USER_ID,FTP_PASSWORD,FTP_TIMEOUT_INSECS,FTP_RETRY_COUNT,WEIGHT,IS_ACTIVE_IND,EFFECTIVE_START_TIME,EFFECTIVE_END_TIME,CREATE_USERID,CREATE_TMSTP,UPDATE_USERID,UPDATE_TMSTP) values (825,704,'ATT-INT-Lislie1-Bulk0826135734','172.24.201.203265734','poll/','labcorp9','lab927',0,3,1,0,to_timestamp('15-04-19 02:07:14.670000000 PM','DD-MM-RR HH12:MI:SSXFF AM'),to_timestamp('26-08-20 01:57:34.000000000 PM','DD-MM-RR HH12:MI:SSXFF AM'),'paism',to_timestamp('08-02-18 11:39:44.000000000 AM','DD-MM-RR HH12:MI:SSXFF AM'),'studdag',to_timestamp('26-08-20 01:57:34.000000000 PM','DD-MM-RR HH12:MI:SSXFF AM'));
Insert into ERG_USER.FAX_VENDOR_FTP_DETAIL (FAX_VENDOR_FTP_DETAIL_ID,FAX_VENDOR_CONFIG_ID,FTP_CONN_NAME,FTP_HOST_IPADDRESS,FTP_PATH,FTP_USER_ID,FTP_PASSWORD,FTP_TIMEOUT_INSECS,FTP_RETRY_COUNT,WEIGHT,IS_ACTIVE_IND,EFFECTIVE_START_TIME,EFFECTIVE_END_TIME,CREATE_USERID,CREATE_TMSTP,UPDATE_USERID,UPDATE_TMSTP) values (841,721,'ad0204013155','sd043155','sd','sad','sd',0,1,1,1,to_timestamp('04-02-19 01:31:41.673000000 AM','DD-MM-RR HH12:MI:SSXFF AM'),to_timestamp('04-02-19 01:31:55.000000000 AM','DD-MM-RR HH12:MI:SSXFF AM'),'venkas3',to_timestamp('04-02-19 01:31:41.000000000 AM','DD-MM-RR HH12:MI:SSXFF AM'),'venkas3',to_timestamp('04-02-19 01:31:55.000000000 AM','DD-MM-RR HH12:MI:SSXFF AM'));
REM INSERTING into ERG_USER.FAX_VENDOR_SOURCE
SET DEFINE OFF;
Insert into ERG_USER.FAX_VENDOR_SOURCE (FAX_VENDOR_SOURCE_ID,FAX_VENDOR_SOURCE_CD,ROUTE,FAX_TYPE_CD,FAX_VENDOR_CONN_ID,FAX_VENDOR_USER_ID,WEIGHT,IS_ACTIVE_IND,CREATE_USERID,CREATE_TMSTP,UPDATE_USERID,UPDATE_TMSTP) values (1,'RETARU_IG','ROUTER-IG','FAX',1,1,1,'1','thanghk',to_timestamp('03-05-19 12:00:00.000000000 AM','DD-MM-RR HH12:MI:SSXFF AM'),null,to_timestamp('03-05-19 04:04:56.699125000 PM','DD-MM-RR HH12:MI:SSXFF AM'));
Insert into ERG_USER.FAX_VENDOR_SOURCE (FAX_VENDOR_SOURCE_ID,FAX_VENDOR_SOURCE_CD,ROUTE,FAX_TYPE_CD,FAX_VENDOR_CONN_ID,FAX_VENDOR_USER_ID,WEIGHT,IS_ACTIVE_IND,CREATE_USERID,CREATE_TMSTP,UPDATE_USERID,UPDATE_TMSTP) values (2,'RETARU_LINK-ORDER','ROUTER-REQUISITION','FAX',1,1,1,'1','thanghk',to_timestamp('03-05-19 12:00:00.000000000 AM','DD-MM-RR HH12:MI:SSXFF AM'),null,to_timestamp('03-05-19 04:04:56.859557000 PM','DD-MM-RR HH12:MI:SSXFF AM'));
Insert into ERG_USER.FAX_VENDOR_SOURCE (FAX_VENDOR_SOURCE_ID,FAX_VENDOR_SOURCE_CD,ROUTE,FAX_TYPE_CD,FAX_VENDOR_CONN_ID,FAX_VENDOR_USER_ID,WEIGHT,IS_ACTIVE_IND,CREATE_USERID,CREATE_TMSTP,UPDATE_USERID,UPDATE_TMSTP) values (3,'RETARU_THIRD-PARTY','ROUTER-THIRDPARTY','FAX',1,1,1,'1','thanghk',to_timestamp('03-05-19 12:00:00.000000000 AM','DD-MM-RR HH12:MI:SSXFF AM'),null,to_timestamp('03-05-19 04:04:57.012444000 PM','DD-MM-RR HH12:MI:SSXFF AM'));
Insert into ERG_USER.FAX_VENDOR_SOURCE (FAX_VENDOR_SOURCE_ID,FAX_VENDOR_SOURCE_CD,ROUTE,FAX_TYPE_CD,FAX_VENDOR_CONN_ID,FAX_VENDOR_USER_ID,WEIGHT,IS_ACTIVE_IND,CREATE_USERID,CREATE_TMSTP,UPDATE_USERID,UPDATE_TMSTP) values (4,'RETARU_IO_LINK','ROUTER-TRIAD','FAX',1,1,1,'1','thanghk',to_timestamp('03-05-19 12:00:00.000000000 AM','DD-MM-RR HH12:MI:SSXFF AM'),null,to_timestamp('03-05-19 04:04:57.168836000 PM','DD-MM-RR HH12:MI:SSXFF AM'));
Insert into ERG_USER.FAX_VENDOR_SOURCE (FAX_VENDOR_SOURCE_ID,FAX_VENDOR_SOURCE_CD,ROUTE,FAX_TYPE_CD,FAX_VENDOR_CONN_ID,FAX_VENDOR_USER_ID,WEIGHT,IS_ACTIVE_IND,CREATE_USERID,CREATE_TMSTP,UPDATE_USERID,UPDATE_TMSTP) values (5,'RETARU_BLBS_LINKWO','ROUTER-FAXV1','FAX',1,1,1,'1','thanghk',to_timestamp('03-05-19 12:00:00.000000000 AM','DD-MM-RR HH12:MI:SSXFF AM'),null,to_timestamp('03-05-19 04:04:57.324664000 PM','DD-MM-RR HH12:MI:SSXFF AM'));
Insert into ERG_USER.FAX_VENDOR_SOURCE (FAX_VENDOR_SOURCE_ID,FAX_VENDOR_SOURCE_CD,ROUTE,FAX_TYPE_CD,FAX_VENDOR_CONN_ID,FAX_VENDOR_USER_ID,WEIGHT,IS_ACTIVE_IND,CREATE_USERID,CREATE_TMSTP,UPDATE_USERID,UPDATE_TMSTP) values (6,'RETARU_CALL-CENTER','CALL-CENTER','FAX',3,3,1,'1','thanghk',to_timestamp('03-05-19 12:00:00.000000000 AM','DD-MM-RR HH12:MI:SSXFF AM'),null,to_timestamp('03-05-19 04:04:57.477627000 PM','DD-MM-RR HH12:MI:SSXFF AM'));
Insert into ERG_USER.FAX_VENDOR_SOURCE (FAX_VENDOR_SOURCE_ID,FAX_VENDOR_SOURCE_CD,ROUTE,FAX_TYPE_CD,FAX_VENDOR_CONN_ID,FAX_VENDOR_USER_ID,WEIGHT,IS_ACTIVE_IND,CREATE_USERID,CREATE_TMSTP,UPDATE_USERID,UPDATE_TMSTP) values (7,'OPENTXT_IO_LINK','ROUTER-TRIAD','FAX',2,2,1,'0','thanghk',to_timestamp('03-05-19 12:00:00.000000000 AM','DD-MM-RR HH12:MI:SSXFF AM'),null,to_timestamp('03-05-19 04:35:36.495914000 PM','DD-MM-RR HH12:MI:SSXFF AM'));
Insert into ERG_USER.FAX_VENDOR_SOURCE (FAX_VENDOR_SOURCE_ID,FAX_VENDOR_SOURCE_CD,ROUTE,FAX_TYPE_CD,FAX_VENDOR_CONN_ID,FAX_VENDOR_USER_ID,WEIGHT,IS_ACTIVE_IND,CREATE_USERID,CREATE_TMSTP,UPDATE_USERID,UPDATE_TMSTP) values (8,'OPENTXT_CALL-CENTER','CALL-CENTER','FAX',2,2,1,'0','navaneh',to_timestamp('14-08-19 08:57:03.140989000 AM','DD-MM-RR HH12:MI:SSXFF AM'),null,null);
Insert into ERG_USER.FAX_VENDOR_SOURCE (FAX_VENDOR_SOURCE_ID,FAX_VENDOR_SOURCE_CD,ROUTE,FAX_TYPE_CD,FAX_VENDOR_CONN_ID,FAX_VENDOR_USER_ID,WEIGHT,IS_ACTIVE_IND,CREATE_USERID,CREATE_TMSTP,UPDATE_USERID,UPDATE_TMSTP) values (10,'RETARU_EGL_FUSION','EGL','FAX',1,1,1,'1','thanghk',to_timestamp('10-04-20 12:00:00.000000000 AM','DD-MM-RR HH12:MI:SSXFF AM'),null,to_timestamp('10-04-20 12:00:00.000000000 AM','DD-MM-RR HH12:MI:SSXFF AM'));
Insert into ERG_USER.FAX_VENDOR_SOURCE (FAX_VENDOR_SOURCE_ID,FAX_VENDOR_SOURCE_CD,ROUTE,FAX_TYPE_CD,FAX_VENDOR_CONN_ID,FAX_VENDOR_USER_ID,WEIGHT,IS_ACTIVE_IND,CREATE_USERID,CREATE_TMSTP,UPDATE_USERID,UPDATE_TMSTP) values (11,'J2','J2','FAX',4,4,50,'1','prakasr',to_timestamp('03-03-20 12:00:00.000000000 AM','DD-MM-RR HH12:MI:SSXFF AM'),null,to_timestamp('03-03-20 12:12:20.056244000 PM','DD-MM-RR HH12:MI:SSXFF AM'));
Insert into ERG_USER.FAX_VENDOR_SOURCE (FAX_VENDOR_SOURCE_ID,FAX_VENDOR_SOURCE_CD,ROUTE,FAX_TYPE_CD,FAX_VENDOR_CONN_ID,FAX_VENDOR_USER_ID,WEIGHT,IS_ACTIVE_IND,CREATE_USERID,CREATE_TMSTP,UPDATE_USERID,UPDATE_TMSTP) values (9,'RETARU_DIANON_DEC','DIANON','FAX',1,1,1,'1','navaneh',to_timestamp('03-03-20 12:00:00.000000000 AM','DD-MM-RR HH12:MI:SSXFF AM'),null,to_timestamp('03-03-20 12:12:20.056244000 PM','DD-MM-RR HH12:MI:SSXFF AM'));
REM INSERTING into ERG_USER.FAX_VENDOR_TRAFFIC
SET DEFINE OFF;
REM INSERTING into ERG_USER.FAX_VENDOR_USER
SET DEFINE OFF;
REM INSERTING into ERG_USER.QRTZ_BLOB_TRIGGERS
SET DEFINE OFF;
REM INSERTING into ERG_USER.QRTZ_CALENDARS
SET DEFINE OFF;
REM INSERTING into ERG_USER.QRTZ_CRON_TRIGGERS
SET DEFINE OFF;
Insert into ERG_USER.QRTZ_CRON_TRIGGERS (SCHED_NAME,TRIGGER_NAME,TRIGGER_GROUP,CRON_EXPRESSION,TIME_ZONE_ID) values ('ARCH_DLVRY_SCHEDULER','ARCH_DLVRY_TRIGGER','DEFAULT','0 0 0 * * ? 2025','Asia/Calcutta');
Insert into ERG_USER.QRTZ_CRON_TRIGGERS (SCHED_NAME,TRIGGER_NAME,TRIGGER_GROUP,CRON_EXPRESSION,TIME_ZONE_ID) values ('CLIENT_BILLING_MOBIUS_CLEANUP_SCHEDULER','CLIENT_BILLING_MOBIUS_CLEANUP_TRIGGER','DEFAULT','0 0 0 ? * * 2030/1','Asia/Calcutta');
Insert into ERG_USER.QRTZ_CRON_TRIGGERS (SCHED_NAME,TRIGGER_NAME,TRIGGER_GROUP,CRON_EXPRESSION,TIME_ZONE_ID) values ('CLIENT_BILLING_MOBIUS_SCHEDULER','CLIENT_BILLING_MOBIUS_TRIGGER','DEFAULT','0 0/1 * * * ?','Asia/Calcutta');
REM INSERTING into ERG_USER.QRTZ_FIRED_TRIGGERS
SET DEFINE OFF;
REM INSERTING into ERG_USER.QRTZ_JOB_DETAILS
SET DEFINE OFF;
Insert into ERG_USER.QRTZ_JOB_DETAILS (SCHED_NAME,JOB_NAME,JOB_GROUP,DESCRIPTION,JOB_CLASS_NAME,IS_DURABLE,IS_NONCONCURRENT,IS_UPDATE_DATA,REQUESTS_RECOVERY) values ('CLIENT_BILLING_MOBIUS_CLEANUP_SCHEDULER','CLIENT_BILLING_MOBIUS_CLEANUP_JOB_DETAIL','DEFAULT','This job used for mobius cleanup','com.labcorp.delivery.invoice.scheduler.MobiusCleanUpJob','1','1','0','0');
Insert into ERG_USER.QRTZ_JOB_DETAILS (SCHED_NAME,JOB_NAME,JOB_GROUP,DESCRIPTION,JOB_CLASS_NAME,IS_DURABLE,IS_NONCONCURRENT,IS_UPDATE_DATA,REQUESTS_RECOVERY) values ('ARCH_DLVRY_SCHEDULER','ARCH_DLVRY_JOB_DETAIL','DEFAULT','This job used to archive 30 days old DLVRY table records','com.labcorp.audit.arch.job.DlvryArchJob','1','1','0','0');
Insert into ERG_USER.QRTZ_JOB_DETAILS (SCHED_NAME,JOB_NAME,JOB_GROUP,DESCRIPTION,JOB_CLASS_NAME,IS_DURABLE,IS_NONCONCURRENT,IS_UPDATE_DATA,REQUESTS_RECOVERY) values ('CLIENT_BILLING_MOBIUS_SCHEDULER','CLIENT_BILLING_MOBIUS_JOB_DETAIL','DEFAULT','This job used for mobius','com.labcorp.delivery.invoice.scheduler.service.ClientBillingMobiusJob','1','1','0','0');
REM INSERTING into ERG_USER.QRTZ_LOCKS
SET DEFINE OFF;
Insert into ERG_USER.QRTZ_LOCKS (SCHED_NAME,LOCK_NAME) values ('ARCH_DLVRY_SCHEDULER','STATE_ACCESS');
Insert into ERG_USER.QRTZ_LOCKS (SCHED_NAME,LOCK_NAME) values ('ARCH_DLVRY_SCHEDULER','TRIGGER_ACCESS');
Insert into ERG_USER.QRTZ_LOCKS (SCHED_NAME,LOCK_NAME) values ('CLIENT_BILLING_MOBIUS_CLEANUP_SCHEDULER','STATE_ACCESS');
Insert into ERG_USER.QRTZ_LOCKS (SCHED_NAME,LOCK_NAME) values ('CLIENT_BILLING_MOBIUS_CLEANUP_SCHEDULER','TRIGGER_ACCESS');
Insert into ERG_USER.QRTZ_LOCKS (SCHED_NAME,LOCK_NAME) values ('CLIENT_BILLING_MOBIUS_SCHEDULER','STATE_ACCESS');
Insert into ERG_USER.QRTZ_LOCKS (SCHED_NAME,LOCK_NAME) values ('CLIENT_BILLING_MOBIUS_SCHEDULER','TRIGGER_ACCESS');
REM INSERTING into ERG_USER.QRTZ_PAUSED_TRIGGER_GRPS
SET DEFINE OFF;
REM INSERTING into ERG_USER.QRTZ_SCHEDULER_STATE
SET DEFINE OFF;
Insert into ERG_USER.QRTZ_SCHEDULER_STATE (SCHED_NAME,INSTANCE_NAME,LAST_CHECKIN_TIME,CHECKIN_INTERVAL) values ('ARCH_DLVRY_SCHEDULER','LAPTOP-N4FMN5BH1610027940434',1610043200860,20000);
Insert into ERG_USER.QRTZ_SCHEDULER_STATE (SCHED_NAME,INSTANCE_NAME,LAST_CHECKIN_TIME,CHECKIN_INTERVAL) values ('CLIENT_BILLING_MOBIUS_SCHEDULER','LAPTOP-N4FMN5BH1589969081133',1589969242592,20000);
Insert into ERG_USER.QRTZ_SCHEDULER_STATE (SCHED_NAME,INSTANCE_NAME,LAST_CHECKIN_TIME,CHECKIN_INTERVAL) values ('CLIENT_BILLING_MOBIUS_CLEANUP_SCHEDULER','LAPTOP-N4FMN5BH1589969080990',1589969242583,20000);
REM INSERTING into ERG_USER.QRTZ_SIMPLE_TRIGGERS
SET DEFINE OFF;
REM INSERTING into ERG_USER.QRTZ_SIMPROP_TRIGGERS
SET DEFINE OFF;
REM INSERTING into ERG_USER.QRTZ_TRIGGERS
SET DEFINE OFF;
Insert into ERG_USER.QRTZ_TRIGGERS (SCHED_NAME,TRIGGER_NAME,TRIGGER_GROUP,JOB_NAME,JOB_GROUP,DESCRIPTION,NEXT_FIRE_TIME,PREV_FIRE_TIME,PRIORITY,TRIGGER_STATE,TRIGGER_TYPE,START_TIME,END_TIME,CALENDAR_NAME,MISFIRE_INSTR) values ('ARCH_DLVRY_SCHEDULER','ARCH_DLVRY_TRIGGER','DEFAULT','ARCH_DLVRY_JOB_DETAIL','DEFAULT','This cron triggers daily @ 12 AM',1735669800000,-1,0,'WAITING','CRON',1602502080000,0,null,2);
Insert into ERG_USER.QRTZ_TRIGGERS (SCHED_NAME,TRIGGER_NAME,TRIGGER_GROUP,JOB_NAME,JOB_GROUP,DESCRIPTION,NEXT_FIRE_TIME,PREV_FIRE_TIME,PRIORITY,TRIGGER_STATE,TRIGGER_TYPE,START_TIME,END_TIME,CALENDAR_NAME,MISFIRE_INSTR) values ('CLIENT_BILLING_MOBIUS_CLEANUP_SCHEDULER','CLIENT_BILLING_MOBIUS_CLEANUP_TRIGGER','DEFAULT','CLIENT_BILLING_MOBIUS_CLEANUP_JOB_DETAIL','DEFAULT',null,1893436200000,-1,0,'WAITING','CRON',1589969040000,0,null,2);
Insert into ERG_USER.QRTZ_TRIGGERS (SCHED_NAME,TRIGGER_NAME,TRIGGER_GROUP,JOB_NAME,JOB_GROUP,DESCRIPTION,NEXT_FIRE_TIME,PREV_FIRE_TIME,PRIORITY,TRIGGER_STATE,TRIGGER_TYPE,START_TIME,END_TIME,CALENDAR_NAME,MISFIRE_INSTR) values ('CLIENT_BILLING_MOBIUS_SCHEDULER','CLIENT_BILLING_MOBIUS_TRIGGER','DEFAULT','CLIENT_BILLING_MOBIUS_JOB_DETAIL','DEFAULT',null,1589969280000,1589969220000,0,'WAITING','CRON',1589969040000,0,null,2);
REM INSERTING into ERG_USER.STUDENT
SET DEFINE OFF;
Insert into ERG_USER.STUDENT (ID,NAME,COURSE) values ('10','gg','ece');
Insert into ERG_USER.STUDENT (ID,NAME,COURSE) values ('10','gg','ece');
Insert into ERG_USER.STUDENT (ID,NAME,COURSE) values ('10',null,'it');
Insert into ERG_USER.STUDENT (ID,NAME,COURSE) values ('10','gg','ece');
REM INSERTING into ERG_USER.USER_APP_ROLE
SET DEFINE OFF;
Insert into ERG_USER.USER_APP_ROLE (USER_ID,APP_CODE,CATEGORY,ROLE,CREATE_TMSTP) values ('venkas3','RWT','CLINICAL','RO',to_timestamp('11-12-20 12:38:05.554000000 PM','DD-MM-RR HH12:MI:SSXFF AM'));
Insert into ERG_USER.USER_APP_ROLE (USER_ID,APP_CODE,CATEGORY,ROLE,CREATE_TMSTP) values ('default','RDT','CLINICAL','RO',to_timestamp('01-01-16 12:00:00.000000000 AM','DD-MM-RR HH12:MI:SSXFF AM'));
Insert into ERG_USER.USER_APP_ROLE (USER_ID,APP_CODE,CATEGORY,ROLE,CREATE_TMSTP) values ('venkas4','RDT','CLINICAL','RO',to_timestamp('01-01-16 12:00:00.000000000 AM','DD-MM-RR HH12:MI:SSXFF AM'));
Insert into ERG_USER.USER_APP_ROLE (USER_ID,APP_CODE,CATEGORY,ROLE,CREATE_TMSTP) values ('assaoh','RDT','CLINICAL','RO',to_timestamp('21-06-16 12:36:00.253493000 PM','DD-MM-RR HH12:MI:SSXFF AM'));
Insert into ERG_USER.USER_APP_ROLE (USER_ID,APP_CODE,CATEGORY,ROLE,CREATE_TMSTP) values ('studdag','RDT','CLINICAL','RO',to_timestamp('12-07-16 01:40:47.998494000 PM','DD-MM-RR HH12:MI:SSXFF AM'));
Insert into ERG_USER.USER_APP_ROLE (USER_ID,APP_CODE,CATEGORY,ROLE,CREATE_TMSTP) values ('migirog','RDT','CLINICAL','RO',to_timestamp('12-07-16 01:40:56.973817000 PM','DD-MM-RR HH12:MI:SSXFF AM'));
Insert into ERG_USER.USER_APP_ROLE (USER_ID,APP_CODE,CATEGORY,ROLE,CREATE_TMSTP) values ('paism','RDT','CLINICAL','RO',to_timestamp('12-07-16 01:41:06.415314000 PM','DD-MM-RR HH12:MI:SSXFF AM'));
Insert into ERG_USER.USER_APP_ROLE (USER_ID,APP_CODE,CATEGORY,ROLE,CREATE_TMSTP) values ('vandej1','RDT','CLINICAL','RO',to_timestamp('12-07-16 01:41:14.895801000 PM','DD-MM-RR HH12:MI:SSXFF AM'));
Insert into ERG_USER.USER_APP_ROLE (USER_ID,APP_CODE,CATEGORY,ROLE,CREATE_TMSTP) values ('yuv','RDT','CLINICAL','RO',to_timestamp('12-07-16 01:41:22.574159000 PM','DD-MM-RR HH12:MI:SSXFF AM'));
Insert into ERG_USER.USER_APP_ROLE (USER_ID,APP_CODE,CATEGORY,ROLE,CREATE_TMSTP) values ('studdag','FVM','CLINICAL','RW',to_timestamp('12-07-16 01:48:04.759456000 PM','DD-MM-RR HH12:MI:SSXFF AM'));
Insert into ERG_USER.USER_APP_ROLE (USER_ID,APP_CODE,CATEGORY,ROLE,CREATE_TMSTP) values ('paism','FVM','CLINICAL','RW',to_timestamp('12-07-16 01:48:12.276667000 PM','DD-MM-RR HH12:MI:SSXFF AM'));
Insert into ERG_USER.USER_APP_ROLE (USER_ID,APP_CODE,CATEGORY,ROLE,CREATE_TMSTP) values ('belchem','RDT','CLINICAL','RO',to_timestamp('05-08-16 12:37:22.151995000 PM','DD-MM-RR HH12:MI:SSXFF AM'));
Insert into ERG_USER.USER_APP_ROLE (USER_ID,APP_CODE,CATEGORY,ROLE,CREATE_TMSTP) values ('jimanj','RDT','CLINICAL','RW',to_timestamp('12-06-16 12:00:00.000000000 AM','DD-MM-RR HH12:MI:SSXFF AM'));
Insert into ERG_USER.USER_APP_ROLE (USER_ID,APP_CODE,CATEGORY,ROLE,CREATE_TMSTP) values ('barbur','RDT','CLINICAL','RW',to_timestamp('12-06-16 12:00:00.000000000 AM','DD-MM-RR HH12:MI:SSXFF AM'));
Insert into ERG_USER.USER_APP_ROLE (USER_ID,APP_CODE,CATEGORY,ROLE,CREATE_TMSTP) values ('thakkap','RDT','CLINICAL','RO',to_timestamp('22-11-16 12:00:00.000000000 AM','DD-MM-RR HH12:MI:SSXFF AM'));
Insert into ERG_USER.USER_APP_ROLE (USER_ID,APP_CODE,CATEGORY,ROLE,CREATE_TMSTP) values ('verrigv','RDT','CLINICAL','RW',to_timestamp('12-12-16 12:00:00.000000000 AM','DD-MM-RR HH12:MI:SSXFF AM'));
Insert into ERG_USER.USER_APP_ROLE (USER_ID,APP_CODE,CATEGORY,ROLE,CREATE_TMSTP) values ('prakasr','BPM','CLINICAL','RW',to_timestamp('11-01-17 02:44:32.595499000 AM','DD-MM-RR HH12:MI:SSXFF AM'));
Insert into ERG_USER.USER_APP_ROLE (USER_ID,APP_CODE,CATEGORY,ROLE,CREATE_TMSTP) values ('prakasr','GRP','CLINICAL','RW',to_timestamp('11-01-17 02:44:32.595499000 AM','DD-MM-RR HH12:MI:SSXFF AM'));
Insert into ERG_USER.USER_APP_ROLE (USER_ID,APP_CODE,CATEGORY,ROLE,CREATE_TMSTP) values ('prakasr','RDT','CLINICAL','RW',to_timestamp('11-01-17 02:44:32.595499000 AM','DD-MM-RR HH12:MI:SSXFF AM'));
Insert into ERG_USER.USER_APP_ROLE (USER_ID,APP_CODE,CATEGORY,ROLE,CREATE_TMSTP) values ('prakasr','TCM','CLINICAL','RW',to_timestamp('11-01-17 02:44:32.595499000 AM','DD-MM-RR HH12:MI:SSXFF AM'));
Insert into ERG_USER.USER_APP_ROLE (USER_ID,APP_CODE,CATEGORY,ROLE,CREATE_TMSTP) values ('prakasr','APCON','CLINICAL','RW',to_timestamp('12-06-16 12:00:00.000000000 AM','DD-MM-RR HH12:MI:SSXFF AM'));
Insert into ERG_USER.USER_APP_ROLE (USER_ID,APP_CODE,CATEGORY,ROLE,CREATE_TMSTP) values ('Gowrish','APCON','CLINICAL','RW',to_timestamp('04-02-19 06:52:49.701528000 PM','DD-MM-RR HH12:MI:SSXFF AM'));
Insert into ERG_USER.USER_APP_ROLE (USER_ID,APP_CODE,CATEGORY,ROLE,CREATE_TMSTP) values ('prakasr','FVM1','CLINICAL','RW',to_timestamp('12-06-16 12:00:00.000000000 AM','DD-MM-RR HH12:MI:SSXFF AM'));
Insert into ERG_USER.USER_APP_ROLE (USER_ID,APP_CODE,CATEGORY,ROLE,CREATE_TMSTP) values ('nambooa','APCON','CLINICAL','RW',to_timestamp('02-08-19 01:36:04.330646000 AM','DD-MM-RR HH12:MI:SSXFF AM'));
Insert into ERG_USER.USER_APP_ROLE (USER_ID,APP_CODE,CATEGORY,ROLE,CREATE_TMSTP) values ('akisetp','RDT','CLINICAL','RW',to_timestamp('05-08-19 06:21:48.918399000 AM','DD-MM-RR HH12:MI:SSXFF AM'));
Insert into ERG_USER.USER_APP_ROLE (USER_ID,APP_CODE,CATEGORY,ROLE,CREATE_TMSTP) values ('akisetp','APCON','CLINICAL','RW',to_timestamp('05-08-19 06:22:23.039881000 AM','DD-MM-RR HH12:MI:SSXFF AM'));
Insert into ERG_USER.USER_APP_ROLE (USER_ID,APP_CODE,CATEGORY,ROLE,CREATE_TMSTP) values ('dominc2','RDT','CLINICAL','RW',to_timestamp('05-08-19 06:24:03.531621000 AM','DD-MM-RR HH12:MI:SSXFF AM'));
Insert into ERG_USER.USER_APP_ROLE (USER_ID,APP_CODE,CATEGORY,ROLE,CREATE_TMSTP) values ('gowrish','RDT','CLINICAL','RW',to_timestamp('05-08-19 09:46:18.743929000 AM','DD-MM-RR HH12:MI:SSXFF AM'));
Insert into ERG_USER.USER_APP_ROLE (USER_ID,APP_CODE,CATEGORY,ROLE,CREATE_TMSTP) values ('gowrish','APCON','CLINICAL','RW',to_timestamp('05-08-19 09:46:37.591904000 AM','DD-MM-RR HH12:MI:SSXFF AM'));
Insert into ERG_USER.USER_APP_ROLE (USER_ID,APP_CODE,CATEGORY,ROLE,CREATE_TMSTP) values ('kumars1','APCON','CLINICAL','RW',to_timestamp('29-08-19 01:24:27.363890000 AM','DD-MM-RR HH12:MI:SSXFF AM'));
Insert into ERG_USER.USER_APP_ROLE (USER_ID,APP_CODE,CATEGORY,ROLE,CREATE_TMSTP) values ('okanes','RDT','CLINICAL','RO',to_timestamp('12-06-16 12:00:00.000000000 AM','DD-MM-RR HH12:MI:SSXFF AM'));
Insert into ERG_USER.USER_APP_ROLE (USER_ID,APP_CODE,CATEGORY,ROLE,CREATE_TMSTP) values ('kumara6','RDT','CLINICAL','RO',to_timestamp('12-06-16 12:00:00.000000000 AM','DD-MM-RR HH12:MI:SSXFF AM'));
Insert into ERG_USER.USER_APP_ROLE (USER_ID,APP_CODE,CATEGORY,ROLE,CREATE_TMSTP) values ('hutsond','RDT','CLINICAL','RO',to_timestamp('12-06-16 12:00:00.000000000 AM','DD-MM-RR HH12:MI:SSXFF AM'));
Insert into ERG_USER.USER_APP_ROLE (USER_ID,APP_CODE,CATEGORY,ROLE,CREATE_TMSTP) values ('yohannp','RDT','CLINICAL','RO',to_timestamp('12-06-16 12:00:00.000000000 AM','DD-MM-RR HH12:MI:SSXFF AM'));
Insert into ERG_USER.USER_APP_ROLE (USER_ID,APP_CODE,CATEGORY,ROLE,CREATE_TMSTP) values ('sladem','RDT','CLINICAL','RO',to_timestamp('12-06-16 12:00:00.000000000 AM','DD-MM-RR HH12:MI:SSXFF AM'));
Insert into ERG_USER.USER_APP_ROLE (USER_ID,APP_CODE,CATEGORY,ROLE,CREATE_TMSTP) values ('carted2','RDT','CLINICAL','RO',to_timestamp('12-06-16 12:00:00.000000000 AM','DD-MM-RR HH12:MI:SSXFF AM'));
Insert into ERG_USER.USER_APP_ROLE (USER_ID,APP_CODE,CATEGORY,ROLE,CREATE_TMSTP) values ('prasadd','RDT','CLINICAL','RW',to_timestamp('12-06-16 12:00:00.000000000 AM','DD-MM-RR HH12:MI:SSXFF AM'));
Insert into ERG_USER.USER_APP_ROLE (USER_ID,APP_CODE,CATEGORY,ROLE,CREATE_TMSTP) values ('rioptad','RDT','CLINICAL','RO',to_timestamp('12-06-16 12:00:00.000000000 AM','DD-MM-RR HH12:MI:SSXFF AM'));
Insert into ERG_USER.USER_APP_ROLE (USER_ID,APP_CODE,CATEGORY,ROLE,CREATE_TMSTP) values ('smithr4','RDT','CLINICAL','RO',to_timestamp('12-06-16 12:00:00.000000000 AM','DD-MM-RR HH12:MI:SSXFF AM'));
Insert into ERG_USER.USER_APP_ROLE (USER_ID,APP_CODE,CATEGORY,ROLE,CREATE_TMSTP) values ('etherib','RDT','CLINICAL','RO',to_timestamp('27-07-16 03:11:52.881717000 PM','DD-MM-RR HH12:MI:SSXFF AM'));
Insert into ERG_USER.USER_APP_ROLE (USER_ID,APP_CODE,CATEGORY,ROLE,CREATE_TMSTP) values ('prasadd','BPM','CLINICAL','RW',to_timestamp('12-06-16 12:00:00.000000000 AM','DD-MM-RR HH12:MI:SSXFF AM'));
Insert into ERG_USER.USER_APP_ROLE (USER_ID,APP_CODE,CATEGORY,ROLE,CREATE_TMSTP) values ('migirog3','RDT','CLINICAL','RW',to_timestamp('01-01-16 12:00:00.000000000 AM','DD-MM-RR HH12:MI:SSXFF AM'));
Insert into ERG_USER.USER_APP_ROLE (USER_ID,APP_CODE,CATEGORY,ROLE,CREATE_TMSTP) values ('Gowrish','BPM','CLINICAL','RW',to_timestamp('04-02-19 06:52:47.658879000 PM','DD-MM-RR HH12:MI:SSXFF AM'));
Insert into ERG_USER.USER_APP_ROLE (USER_ID,APP_CODE,CATEGORY,ROLE,CREATE_TMSTP) values ('Gowrish','GRP','CLINICAL','RW',to_timestamp('04-02-19 06:52:48.175774000 PM','DD-MM-RR HH12:MI:SSXFF AM'));
Insert into ERG_USER.USER_APP_ROLE (USER_ID,APP_CODE,CATEGORY,ROLE,CREATE_TMSTP) values ('Gowrish','RDT','CLINICAL','RW',to_timestamp('04-02-19 06:52:48.691453000 PM','DD-MM-RR HH12:MI:SSXFF AM'));
Insert into ERG_USER.USER_APP_ROLE (USER_ID,APP_CODE,CATEGORY,ROLE,CREATE_TMSTP) values ('Gowrish','TCM','CLINICAL','RW',to_timestamp('04-02-19 06:52:49.195975000 PM','DD-MM-RR HH12:MI:SSXFF AM'));
Insert into ERG_USER.USER_APP_ROLE (USER_ID,APP_CODE,CATEGORY,ROLE,CREATE_TMSTP) values ('Gowrish','FVM','CLINICAL','RW',to_timestamp('04-02-19 06:52:49.701528000 PM','DD-MM-RR HH12:MI:SSXFF AM'));
Insert into ERG_USER.USER_APP_ROLE (USER_ID,APP_CODE,CATEGORY,ROLE,CREATE_TMSTP) values ('kumarak','APCON','CLINICAL','RW',to_timestamp('29-08-19 08:10:38.405666000 AM','DD-MM-RR HH12:MI:SSXFF AM'));
Insert into ERG_USER.USER_APP_ROLE (USER_ID,APP_CODE,CATEGORY,ROLE,CREATE_TMSTP) values ('thanghk','APCON','CLINICAL','RW',to_timestamp('14-09-19 07:27:00.661921000 PM','DD-MM-RR HH12:MI:SSXFF AM'));
Insert into ERG_USER.USER_APP_ROLE (USER_ID,APP_CODE,CATEGORY,ROLE,CREATE_TMSTP) values ('navaneh','FVM','CLINICAL','RW',to_timestamp('16-09-19 01:29:01.549175000 PM','DD-MM-RR HH12:MI:SSXFF AM'));
Insert into ERG_USER.USER_APP_ROLE (USER_ID,APP_CODE,CATEGORY,ROLE,CREATE_TMSTP) values ('navaneh','APCON','CLINICAL','RW',to_timestamp('16-09-19 01:29:13.047870000 PM','DD-MM-RR HH12:MI:SSXFF AM'));
Insert into ERG_USER.USER_APP_ROLE (USER_ID,APP_CODE,CATEGORY,ROLE,CREATE_TMSTP) values ('navaneh','BPM','CLINICAL','RW',to_timestamp('16-09-19 01:33:11.062000000 PM','DD-MM-RR HH12:MI:SSXFF AM'));
Insert into ERG_USER.USER_APP_ROLE (USER_ID,APP_CODE,CATEGORY,ROLE,CREATE_TMSTP) values ('navaneh','GRP','CLINICAL','RW',to_timestamp('16-09-19 01:36:38.253883000 PM','DD-MM-RR HH12:MI:SSXFF AM'));
Insert into ERG_USER.USER_APP_ROLE (USER_ID,APP_CODE,CATEGORY,ROLE,CREATE_TMSTP) values ('navaneh','RDT','CLINICAL','RW',to_timestamp('16-09-19 01:36:38.377758000 PM','DD-MM-RR HH12:MI:SSXFF AM'));
Insert into ERG_USER.USER_APP_ROLE (USER_ID,APP_CODE,CATEGORY,ROLE,CREATE_TMSTP) values ('navaneh','TCM','CLINICAL','RW',to_timestamp('16-09-19 01:36:38.499924000 PM','DD-MM-RR HH12:MI:SSXFF AM'));
Insert into ERG_USER.USER_APP_ROLE (USER_ID,APP_CODE,CATEGORY,ROLE,CREATE_TMSTP) values ('capesb','RDT','CLINICAL','RO',to_timestamp('11-03-16 12:00:00.000000000 AM','DD-MM-RR HH12:MI:SSXFF AM'));
Insert into ERG_USER.USER_APP_ROLE (USER_ID,APP_CODE,CATEGORY,ROLE,CREATE_TMSTP) values ('venkatr','APCON','CLINICAL','RW',to_timestamp('29-08-19 01:25:03.591916000 AM','DD-MM-RR HH12:MI:SSXFF AM'));
Insert into ERG_USER.USER_APP_ROLE (USER_ID,APP_CODE,CATEGORY,ROLE,CREATE_TMSTP) values ('potnurs','APCON','CLINICAL','RW',to_timestamp('29-08-19 01:25:35.472413000 AM','DD-MM-RR HH12:MI:SSXFF AM'));
Insert into ERG_USER.USER_APP_ROLE (USER_ID,APP_CODE,CATEGORY,ROLE,CREATE_TMSTP) values ('jonnals','APCON','CLINICAL','RW',to_timestamp('29-08-19 01:26:09.136871000 AM','DD-MM-RR HH12:MI:SSXFF AM'));
Insert into ERG_USER.USER_APP_ROLE (USER_ID,APP_CODE,CATEGORY,ROLE,CREATE_TMSTP) values ('gowrisk','APCON','CLINICAL','RW',to_timestamp('29-08-19 01:26:38.095880000 AM','DD-MM-RR HH12:MI:SSXFF AM'));
Insert into ERG_USER.USER_APP_ROLE (USER_ID,APP_CODE,CATEGORY,ROLE,CREATE_TMSTP) values ('dionc','APCON','CLINICAL','RW',to_timestamp('29-08-19 01:27:19.795935000 AM','DD-MM-RR HH12:MI:SSXFF AM'));
Insert into ERG_USER.USER_APP_ROLE (USER_ID,APP_CODE,CATEGORY,ROLE,CREATE_TMSTP) values ('Abimanv','APCON','CLINICAL','RW',to_timestamp('29-08-19 08:11:26.756019000 AM','DD-MM-RR HH12:MI:SSXFF AM'));
Insert into ERG_USER.USER_APP_ROLE (USER_ID,APP_CODE,CATEGORY,ROLE,CREATE_TMSTP) values ('ilas','RDT','CLINICAL','RO',to_timestamp('29-02-16 12:00:00.000000000 AM','DD-MM-RR HH12:MI:SSXFF AM'));
Insert into ERG_USER.USER_APP_ROLE (USER_ID,APP_CODE,CATEGORY,ROLE,CREATE_TMSTP) values ('thanghk','TCM','CLINICAL','RO',to_timestamp('11-01-16 06:14:00.742000000 AM','DD-MM-RR HH12:MI:SSXFF AM'));
Insert into ERG_USER.USER_APP_ROLE (USER_ID,APP_CODE,CATEGORY,ROLE,CREATE_TMSTP) values ('prakas','FVM','CLINICAL','RW',to_timestamp('12-06-16 12:00:00.000000000 AM','DD-MM-RR HH12:MI:SSXFF AM'));
Insert into ERG_USER.USER_APP_ROLE (USER_ID,APP_CODE,CATEGORY,ROLE,CREATE_TMSTP) values ('thanghk','RDT','CLINICAL','RO',to_timestamp('26-02-16 12:00:00.000000000 AM','DD-MM-RR HH12:MI:SSXFF AM'));
Insert into ERG_USER.USER_APP_ROLE (USER_ID,APP_CODE,CATEGORY,ROLE,CREATE_TMSTP) values ('patek21','RDT','CLINICAL','RO',to_timestamp('29-02-16 12:00:00.000000000 AM','DD-MM-RR HH12:MI:SSXFF AM'));
Insert into ERG_USER.USER_APP_ROLE (USER_ID,APP_CODE,CATEGORY,ROLE,CREATE_TMSTP) values ('prasadd','FVM','CLINICAL','RW',to_timestamp('12-06-16 12:00:00.000000000 AM','DD-MM-RR HH12:MI:SSXFF AM'));
Insert into ERG_USER.USER_APP_ROLE (USER_ID,APP_CODE,CATEGORY,ROLE,CREATE_TMSTP) values ('prasadd','TCM','CLINICAL','RW',to_timestamp('12-06-16 12:00:00.000000000 AM','DD-MM-RR HH12:MI:SSXFF AM'));
Insert into ERG_USER.USER_APP_ROLE (USER_ID,APP_CODE,CATEGORY,ROLE,CREATE_TMSTP) values ('nambooa','RDT','CLINICAL','RW',to_timestamp('11-01-16 06:14:00.742000000 AM','DD-MM-RR HH12:MI:SSXFF AM'));
Insert into ERG_USER.USER_APP_ROLE (USER_ID,APP_CODE,CATEGORY,ROLE,CREATE_TMSTP) values ('dominc2','APCON','CLINICAL','RW',to_timestamp('05-08-19 06:23:23.831777000 AM','DD-MM-RR HH12:MI:SSXFF AM'));
Insert into ERG_USER.USER_APP_ROLE (USER_ID,APP_CODE,CATEGORY,ROLE,CREATE_TMSTP) values ('thanghk','BPM','CLINICAL','RW',to_timestamp('11-01-16 06:14:00.742000000 AM','DD-MM-RR HH12:MI:SSXFF AM'));
Insert into ERG_USER.USER_APP_ROLE (USER_ID,APP_CODE,CATEGORY,ROLE,CREATE_TMSTP) values ('inavols','APCON','CLINICAL','RW',to_timestamp('29-08-19 01:23:51.621471000 AM','DD-MM-RR HH12:MI:SSXFF AM'));
Insert into ERG_USER.USER_APP_ROLE (USER_ID,APP_CODE,CATEGORY,ROLE,CREATE_TMSTP) values ('pentaps','RDT','CLINICAL','RW',to_timestamp('14-04-20 08:21:33.189110000 AM','DD-MM-RR HH12:MI:SSXFF AM'));
Insert into ERG_USER.USER_APP_ROLE (USER_ID,APP_CODE,CATEGORY,ROLE,CREATE_TMSTP) values ('prasas3','RDT','CLINICAL','RW',to_timestamp('14-04-20 08:22:23.564981000 AM','DD-MM-RR HH12:MI:SSXFF AM'));
Insert into ERG_USER.USER_APP_ROLE (USER_ID,APP_CODE,CATEGORY,ROLE,CREATE_TMSTP) values ('hassej','RDT','CLINICAL','RO',to_timestamp('01-01-16 12:00:00.000000000 AM','DD-MM-RR HH12:MI:SSXFF AM'));
--------------------------------------------------------
--  DDL for Index PK_DLVRY
--------------------------------------------------------

  CREATE UNIQUE INDEX "ERG_USER"."PK_DLVRY" ON "ERG_USER"."DLVRY" ("DLVRY_ID") 
  PCTFREE 10 INITRANS 2 MAXTRANS 255 COMPUTE STATISTICS 
  STORAGE(INITIAL 65536 NEXT 1048576 MINEXTENTS 1 MAXEXTENTS 2147483645
  PCTINCREASE 0 FREELISTS 1 FREELIST GROUPS 1
  BUFFER_POOL DEFAULT FLASH_CACHE DEFAULT CELL_FLASH_CACHE DEFAULT)
  TABLESPACE "USERS" ;
--------------------------------------------------------
--  DDL for Index QRTZ_BLOB_TRIG_PK
--------------------------------------------------------

  CREATE UNIQUE INDEX "ERG_USER"."QRTZ_BLOB_TRIG_PK" ON "ERG_USER"."QRTZ_BLOB_TRIGGERS" ("SCHED_NAME", "TRIGGER_NAME", "TRIGGER_GROUP") 
  PCTFREE 10 INITRANS 2 MAXTRANS 255 COMPUTE STATISTICS 
  TABLESPACE "USERS" ;
--------------------------------------------------------
--  DDL for Index QRTZ_CALENDARS_PK
--------------------------------------------------------

  CREATE UNIQUE INDEX "ERG_USER"."QRTZ_CALENDARS_PK" ON "ERG_USER"."QRTZ_CALENDARS" ("SCHED_NAME", "CALENDAR_NAME") 
  PCTFREE 10 INITRANS 2 MAXTRANS 255 COMPUTE STATISTICS 
  TABLESPACE "USERS" ;
--------------------------------------------------------
--  DDL for Index QRTZ_CRON_TRIG_PK
--------------------------------------------------------

  CREATE UNIQUE INDEX "ERG_USER"."QRTZ_CRON_TRIG_PK" ON "ERG_USER"."QRTZ_CRON_TRIGGERS" ("SCHED_NAME", "TRIGGER_NAME", "TRIGGER_GROUP") 
  PCTFREE 10 INITRANS 2 MAXTRANS 255 COMPUTE STATISTICS 
  STORAGE(INITIAL 65536 NEXT 1048576 MINEXTENTS 1 MAXEXTENTS 2147483645
  PCTINCREASE 0 FREELISTS 1 FREELIST GROUPS 1
  BUFFER_POOL DEFAULT FLASH_CACHE DEFAULT CELL_FLASH_CACHE DEFAULT)
  TABLESPACE "USERS" ;
--------------------------------------------------------
--  DDL for Index IDX_QRTZ_FT_TRIG_INST_NAME
--------------------------------------------------------

  CREATE INDEX "ERG_USER"."IDX_QRTZ_FT_TRIG_INST_NAME" ON "ERG_USER"."QRTZ_FIRED_TRIGGERS" ("SCHED_NAME", "INSTANCE_NAME") 
  PCTFREE 10 INITRANS 2 MAXTRANS 255 COMPUTE STATISTICS 
  STORAGE(INITIAL 65536 NEXT 1048576 MINEXTENTS 1 MAXEXTENTS 2147483645
  PCTINCREASE 0 FREELISTS 1 FREELIST GROUPS 1
  BUFFER_POOL DEFAULT FLASH_CACHE DEFAULT CELL_FLASH_CACHE DEFAULT)
  TABLESPACE "USERS" ;
--------------------------------------------------------
--  DDL for Index IDX_QRTZ_FT_INST_JOB_REQ_RCVRY
--------------------------------------------------------

  CREATE INDEX "ERG_USER"."IDX_QRTZ_FT_INST_JOB_REQ_RCVRY" ON "ERG_USER"."QRTZ_FIRED_TRIGGERS" ("SCHED_NAME", "INSTANCE_NAME", "REQUESTS_RECOVERY") 
  PCTFREE 10 INITRANS 2 MAXTRANS 255 COMPUTE STATISTICS 
  STORAGE(INITIAL 65536 NEXT 1048576 MINEXTENTS 1 MAXEXTENTS 2147483645
  PCTINCREASE 0 FREELISTS 1 FREELIST GROUPS 1
  BUFFER_POOL DEFAULT FLASH_CACHE DEFAULT CELL_FLASH_CACHE DEFAULT)
  TABLESPACE "USERS" ;
--------------------------------------------------------
--  DDL for Index IDX_QRTZ_FT_J_G
--------------------------------------------------------

  CREATE INDEX "ERG_USER"."IDX_QRTZ_FT_J_G" ON "ERG_USER"."QRTZ_FIRED_TRIGGERS" ("SCHED_NAME", "JOB_NAME", "JOB_GROUP") 
  PCTFREE 10 INITRANS 2 MAXTRANS 255 COMPUTE STATISTICS 
  STORAGE(INITIAL 65536 NEXT 1048576 MINEXTENTS 1 MAXEXTENTS 2147483645
  PCTINCREASE 0 FREELISTS 1 FREELIST GROUPS 1
  BUFFER_POOL DEFAULT FLASH_CACHE DEFAULT CELL_FLASH_CACHE DEFAULT)
  TABLESPACE "USERS" ;
--------------------------------------------------------
--  DDL for Index IDX_QRTZ_FT_JG
--------------------------------------------------------

  CREATE INDEX "ERG_USER"."IDX_QRTZ_FT_JG" ON "ERG_USER"."QRTZ_FIRED_TRIGGERS" ("SCHED_NAME", "JOB_GROUP") 
  PCTFREE 10 INITRANS 2 MAXTRANS 255 COMPUTE STATISTICS 
  STORAGE(INITIAL 65536 NEXT 1048576 MINEXTENTS 1 MAXEXTENTS 2147483645
  PCTINCREASE 0 FREELISTS 1 FREELIST GROUPS 1
  BUFFER_POOL DEFAULT FLASH_CACHE DEFAULT CELL_FLASH_CACHE DEFAULT)
  TABLESPACE "USERS" ;
--------------------------------------------------------
--  DDL for Index IDX_QRTZ_FT_T_G
--------------------------------------------------------

  CREATE INDEX "ERG_USER"."IDX_QRTZ_FT_T_G" ON "ERG_USER"."QRTZ_FIRED_TRIGGERS" ("SCHED_NAME", "TRIGGER_NAME", "TRIGGER_GROUP") 
  PCTFREE 10 INITRANS 2 MAXTRANS 255 COMPUTE STATISTICS 
  STORAGE(INITIAL 65536 NEXT 1048576 MINEXTENTS 1 MAXEXTENTS 2147483645
  PCTINCREASE 0 FREELISTS 1 FREELIST GROUPS 1
  BUFFER_POOL DEFAULT FLASH_CACHE DEFAULT CELL_FLASH_CACHE DEFAULT)
  TABLESPACE "USERS" ;
--------------------------------------------------------
--  DDL for Index IDX_QRTZ_FT_TG
--------------------------------------------------------

  CREATE INDEX "ERG_USER"."IDX_QRTZ_FT_TG" ON "ERG_USER"."QRTZ_FIRED_TRIGGERS" ("SCHED_NAME", "TRIGGER_GROUP") 
  PCTFREE 10 INITRANS 2 MAXTRANS 255 COMPUTE STATISTICS 
  STORAGE(INITIAL 65536 NEXT 1048576 MINEXTENTS 1 MAXEXTENTS 2147483645
  PCTINCREASE 0 FREELISTS 1 FREELIST GROUPS 1
  BUFFER_POOL DEFAULT FLASH_CACHE DEFAULT CELL_FLASH_CACHE DEFAULT)
  TABLESPACE "USERS" ;
--------------------------------------------------------
--  DDL for Index QRTZ_FIRED_TRIGGER_PK
--------------------------------------------------------

  CREATE UNIQUE INDEX "ERG_USER"."QRTZ_FIRED_TRIGGER_PK" ON "ERG_USER"."QRTZ_FIRED_TRIGGERS" ("SCHED_NAME", "ENTRY_ID") 
  PCTFREE 10 INITRANS 2 MAXTRANS 255 COMPUTE STATISTICS 
  STORAGE(INITIAL 65536 NEXT 1048576 MINEXTENTS 1 MAXEXTENTS 2147483645
  PCTINCREASE 0 FREELISTS 1 FREELIST GROUPS 1
  BUFFER_POOL DEFAULT FLASH_CACHE DEFAULT CELL_FLASH_CACHE DEFAULT)
  TABLESPACE "USERS" ;
--------------------------------------------------------
--  DDL for Index IDX_QRTZ_J_REQ_RECOVERY
--------------------------------------------------------

  CREATE INDEX "ERG_USER"."IDX_QRTZ_J_REQ_RECOVERY" ON "ERG_USER"."QRTZ_JOB_DETAILS" ("SCHED_NAME", "REQUESTS_RECOVERY") 
  PCTFREE 10 INITRANS 2 MAXTRANS 255 COMPUTE STATISTICS 
  STORAGE(INITIAL 65536 NEXT 1048576 MINEXTENTS 1 MAXEXTENTS 2147483645
  PCTINCREASE 0 FREELISTS 1 FREELIST GROUPS 1
  BUFFER_POOL DEFAULT FLASH_CACHE DEFAULT CELL_FLASH_CACHE DEFAULT)
  TABLESPACE "USERS" ;
--------------------------------------------------------
--  DDL for Index IDX_QRTZ_J_GRP
--------------------------------------------------------

  CREATE INDEX "ERG_USER"."IDX_QRTZ_J_GRP" ON "ERG_USER"."QRTZ_JOB_DETAILS" ("SCHED_NAME", "JOB_GROUP") 
  PCTFREE 10 INITRANS 2 MAXTRANS 255 COMPUTE STATISTICS 
  STORAGE(INITIAL 65536 NEXT 1048576 MINEXTENTS 1 MAXEXTENTS 2147483645
  PCTINCREASE 0 FREELISTS 1 FREELIST GROUPS 1
  BUFFER_POOL DEFAULT FLASH_CACHE DEFAULT CELL_FLASH_CACHE DEFAULT)
  TABLESPACE "USERS" ;
--------------------------------------------------------
--  DDL for Index QRTZ_JOB_DETAILS_PK
--------------------------------------------------------

  CREATE UNIQUE INDEX "ERG_USER"."QRTZ_JOB_DETAILS_PK" ON "ERG_USER"."QRTZ_JOB_DETAILS" ("SCHED_NAME", "JOB_NAME", "JOB_GROUP") 
  PCTFREE 10 INITRANS 2 MAXTRANS 255 COMPUTE STATISTICS 
  STORAGE(INITIAL 65536 NEXT 1048576 MINEXTENTS 1 MAXEXTENTS 2147483645
  PCTINCREASE 0 FREELISTS 1 FREELIST GROUPS 1
  BUFFER_POOL DEFAULT FLASH_CACHE DEFAULT CELL_FLASH_CACHE DEFAULT)
  TABLESPACE "USERS" ;
--------------------------------------------------------
--  DDL for Index QRTZ_LOCKS_PK
--------------------------------------------------------

  CREATE UNIQUE INDEX "ERG_USER"."QRTZ_LOCKS_PK" ON "ERG_USER"."QRTZ_LOCKS" ("SCHED_NAME", "LOCK_NAME") 
  PCTFREE 10 INITRANS 2 MAXTRANS 255 COMPUTE STATISTICS 
  STORAGE(INITIAL 65536 NEXT 1048576 MINEXTENTS 1 MAXEXTENTS 2147483645
  PCTINCREASE 0 FREELISTS 1 FREELIST GROUPS 1
  BUFFER_POOL DEFAULT FLASH_CACHE DEFAULT CELL_FLASH_CACHE DEFAULT)
  TABLESPACE "USERS" ;
--------------------------------------------------------
--  DDL for Index QRTZ_PAUSED_TRIG_GRPS_PK
--------------------------------------------------------

  CREATE UNIQUE INDEX "ERG_USER"."QRTZ_PAUSED_TRIG_GRPS_PK" ON "ERG_USER"."QRTZ_PAUSED_TRIGGER_GRPS" ("SCHED_NAME", "TRIGGER_GROUP") 
  PCTFREE 10 INITRANS 2 MAXTRANS 255 COMPUTE STATISTICS 
  TABLESPACE "USERS" ;
--------------------------------------------------------
--  DDL for Index QRTZ_SCHEDULER_STATE_PK
--------------------------------------------------------

  CREATE UNIQUE INDEX "ERG_USER"."QRTZ_SCHEDULER_STATE_PK" ON "ERG_USER"."QRTZ_SCHEDULER_STATE" ("SCHED_NAME", "INSTANCE_NAME") 
  PCTFREE 10 INITRANS 2 MAXTRANS 255 COMPUTE STATISTICS 
  STORAGE(INITIAL 65536 NEXT 1048576 MINEXTENTS 1 MAXEXTENTS 2147483645
  PCTINCREASE 0 FREELISTS 1 FREELIST GROUPS 1
  BUFFER_POOL DEFAULT FLASH_CACHE DEFAULT CELL_FLASH_CACHE DEFAULT)
  TABLESPACE "USERS" ;
--------------------------------------------------------
--  DDL for Index QRTZ_SIMPLE_TRIG_PK
--------------------------------------------------------

  CREATE UNIQUE INDEX "ERG_USER"."QRTZ_SIMPLE_TRIG_PK" ON "ERG_USER"."QRTZ_SIMPLE_TRIGGERS" ("SCHED_NAME", "TRIGGER_NAME", "TRIGGER_GROUP") 
  PCTFREE 10 INITRANS 2 MAXTRANS 255 COMPUTE STATISTICS 
  TABLESPACE "USERS" ;
--------------------------------------------------------
--  DDL for Index QRTZ_SIMPROP_TRIG_PK
--------------------------------------------------------

  CREATE UNIQUE INDEX "ERG_USER"."QRTZ_SIMPROP_TRIG_PK" ON "ERG_USER"."QRTZ_SIMPROP_TRIGGERS" ("SCHED_NAME", "TRIGGER_NAME", "TRIGGER_GROUP") 
  PCTFREE 10 INITRANS 2 MAXTRANS 255 COMPUTE STATISTICS 
  TABLESPACE "USERS" ;
--------------------------------------------------------
--  DDL for Index IDX_QRTZ_T_NFT_ST_MISFIRE
--------------------------------------------------------

  CREATE INDEX "ERG_USER"."IDX_QRTZ_T_NFT_ST_MISFIRE" ON "ERG_USER"."QRTZ_TRIGGERS" ("SCHED_NAME", "MISFIRE_INSTR", "NEXT_FIRE_TIME", "TRIGGER_STATE") 
  PCTFREE 10 INITRANS 2 MAXTRANS 255 COMPUTE STATISTICS 
  STORAGE(INITIAL 65536 NEXT 1048576 MINEXTENTS 1 MAXEXTENTS 2147483645
  PCTINCREASE 0 FREELISTS 1 FREELIST GROUPS 1
  BUFFER_POOL DEFAULT FLASH_CACHE DEFAULT CELL_FLASH_CACHE DEFAULT)
  TABLESPACE "USERS" ;
--------------------------------------------------------
--  DDL for Index IDX_QRTZ_T_NFT_ST_MISFIRE_GRP
--------------------------------------------------------

  CREATE INDEX "ERG_USER"."IDX_QRTZ_T_NFT_ST_MISFIRE_GRP" ON "ERG_USER"."QRTZ_TRIGGERS" ("SCHED_NAME", "MISFIRE_INSTR", "NEXT_FIRE_TIME", "TRIGGER_GROUP", "TRIGGER_STATE") 
  PCTFREE 10 INITRANS 2 MAXTRANS 255 COMPUTE STATISTICS 
  STORAGE(INITIAL 65536 NEXT 1048576 MINEXTENTS 1 MAXEXTENTS 2147483645
  PCTINCREASE 0 FREELISTS 1 FREELIST GROUPS 1
  BUFFER_POOL DEFAULT FLASH_CACHE DEFAULT CELL_FLASH_CACHE DEFAULT)
  TABLESPACE "USERS" ;
--------------------------------------------------------
--  DDL for Index IDX_QRTZ_T_J
--------------------------------------------------------

  CREATE INDEX "ERG_USER"."IDX_QRTZ_T_J" ON "ERG_USER"."QRTZ_TRIGGERS" ("SCHED_NAME", "JOB_NAME", "JOB_GROUP") 
  PCTFREE 10 INITRANS 2 MAXTRANS 255 COMPUTE STATISTICS 
  STORAGE(INITIAL 65536 NEXT 1048576 MINEXTENTS 1 MAXEXTENTS 2147483645
  PCTINCREASE 0 FREELISTS 1 FREELIST GROUPS 1
  BUFFER_POOL DEFAULT FLASH_CACHE DEFAULT CELL_FLASH_CACHE DEFAULT)
  TABLESPACE "USERS" ;
--------------------------------------------------------
--  DDL for Index IDX_QRTZ_T_JG
--------------------------------------------------------

  CREATE INDEX "ERG_USER"."IDX_QRTZ_T_JG" ON "ERG_USER"."QRTZ_TRIGGERS" ("SCHED_NAME", "JOB_GROUP") 
  PCTFREE 10 INITRANS 2 MAXTRANS 255 COMPUTE STATISTICS 
  STORAGE(INITIAL 65536 NEXT 1048576 MINEXTENTS 1 MAXEXTENTS 2147483645
  PCTINCREASE 0 FREELISTS 1 FREELIST GROUPS 1
  BUFFER_POOL DEFAULT FLASH_CACHE DEFAULT CELL_FLASH_CACHE DEFAULT)
  TABLESPACE "USERS" ;
--------------------------------------------------------
--  DDL for Index IDX_QRTZ_T_C
--------------------------------------------------------

  CREATE INDEX "ERG_USER"."IDX_QRTZ_T_C" ON "ERG_USER"."QRTZ_TRIGGERS" ("SCHED_NAME", "CALENDAR_NAME") 
  PCTFREE 10 INITRANS 2 MAXTRANS 255 COMPUTE STATISTICS 
  STORAGE(INITIAL 65536 NEXT 1048576 MINEXTENTS 1 MAXEXTENTS 2147483645
  PCTINCREASE 0 FREELISTS 1 FREELIST GROUPS 1
  BUFFER_POOL DEFAULT FLASH_CACHE DEFAULT CELL_FLASH_CACHE DEFAULT)
  TABLESPACE "USERS" ;
--------------------------------------------------------
--  DDL for Index IDX_QRTZ_T_G
--------------------------------------------------------

  CREATE INDEX "ERG_USER"."IDX_QRTZ_T_G" ON "ERG_USER"."QRTZ_TRIGGERS" ("SCHED_NAME", "TRIGGER_GROUP") 
  PCTFREE 10 INITRANS 2 MAXTRANS 255 COMPUTE STATISTICS 
  STORAGE(INITIAL 65536 NEXT 1048576 MINEXTENTS 1 MAXEXTENTS 2147483645
  PCTINCREASE 0 FREELISTS 1 FREELIST GROUPS 1
  BUFFER_POOL DEFAULT FLASH_CACHE DEFAULT CELL_FLASH_CACHE DEFAULT)
  TABLESPACE "USERS" ;
--------------------------------------------------------
--  DDL for Index IDX_QRTZ_T_STATE
--------------------------------------------------------

  CREATE INDEX "ERG_USER"."IDX_QRTZ_T_STATE" ON "ERG_USER"."QRTZ_TRIGGERS" ("SCHED_NAME", "TRIGGER_STATE") 
  PCTFREE 10 INITRANS 2 MAXTRANS 255 COMPUTE STATISTICS 
  STORAGE(INITIAL 65536 NEXT 1048576 MINEXTENTS 1 MAXEXTENTS 2147483645
  PCTINCREASE 0 FREELISTS 1 FREELIST GROUPS 1
  BUFFER_POOL DEFAULT FLASH_CACHE DEFAULT CELL_FLASH_CACHE DEFAULT)
  TABLESPACE "USERS" ;
--------------------------------------------------------
--  DDL for Index IDX_QRTZ_T_N_STATE
--------------------------------------------------------

  CREATE INDEX "ERG_USER"."IDX_QRTZ_T_N_STATE" ON "ERG_USER"."QRTZ_TRIGGERS" ("SCHED_NAME", "TRIGGER_NAME", "TRIGGER_GROUP", "TRIGGER_STATE") 
  PCTFREE 10 INITRANS 2 MAXTRANS 255 COMPUTE STATISTICS 
  STORAGE(INITIAL 65536 NEXT 1048576 MINEXTENTS 1 MAXEXTENTS 2147483645
  PCTINCREASE 0 FREELISTS 1 FREELIST GROUPS 1
  BUFFER_POOL DEFAULT FLASH_CACHE DEFAULT CELL_FLASH_CACHE DEFAULT)
  TABLESPACE "USERS" ;
--------------------------------------------------------
--  DDL for Index IDX_QRTZ_T_N_G_STATE
--------------------------------------------------------

  CREATE INDEX "ERG_USER"."IDX_QRTZ_T_N_G_STATE" ON "ERG_USER"."QRTZ_TRIGGERS" ("SCHED_NAME", "TRIGGER_GROUP", "TRIGGER_STATE") 
  PCTFREE 10 INITRANS 2 MAXTRANS 255 COMPUTE STATISTICS 
  STORAGE(INITIAL 65536 NEXT 1048576 MINEXTENTS 1 MAXEXTENTS 2147483645
  PCTINCREASE 0 FREELISTS 1 FREELIST GROUPS 1
  BUFFER_POOL DEFAULT FLASH_CACHE DEFAULT CELL_FLASH_CACHE DEFAULT)
  TABLESPACE "USERS" ;
--------------------------------------------------------
--  DDL for Index IDX_QRTZ_T_NEXT_FIRE_TIME
--------------------------------------------------------

  CREATE INDEX "ERG_USER"."IDX_QRTZ_T_NEXT_FIRE_TIME" ON "ERG_USER"."QRTZ_TRIGGERS" ("SCHED_NAME", "NEXT_FIRE_TIME") 
  PCTFREE 10 INITRANS 2 MAXTRANS 255 COMPUTE STATISTICS 
  STORAGE(INITIAL 65536 NEXT 1048576 MINEXTENTS 1 MAXEXTENTS 2147483645
  PCTINCREASE 0 FREELISTS 1 FREELIST GROUPS 1
  BUFFER_POOL DEFAULT FLASH_CACHE DEFAULT CELL_FLASH_CACHE DEFAULT)
  TABLESPACE "USERS" ;
--------------------------------------------------------
--  DDL for Index IDX_QRTZ_T_NFT_ST
--------------------------------------------------------

  CREATE INDEX "ERG_USER"."IDX_QRTZ_T_NFT_ST" ON "ERG_USER"."QRTZ_TRIGGERS" ("SCHED_NAME", "TRIGGER_STATE", "NEXT_FIRE_TIME") 
  PCTFREE 10 INITRANS 2 MAXTRANS 255 COMPUTE STATISTICS 
  STORAGE(INITIAL 65536 NEXT 1048576 MINEXTENTS 1 MAXEXTENTS 2147483645
  PCTINCREASE 0 FREELISTS 1 FREELIST GROUPS 1
  BUFFER_POOL DEFAULT FLASH_CACHE DEFAULT CELL_FLASH_CACHE DEFAULT)
  TABLESPACE "USERS" ;
--------------------------------------------------------
--  DDL for Index IDX_QRTZ_T_NFT_MISFIRE
--------------------------------------------------------

  CREATE INDEX "ERG_USER"."IDX_QRTZ_T_NFT_MISFIRE" ON "ERG_USER"."QRTZ_TRIGGERS" ("SCHED_NAME", "MISFIRE_INSTR", "NEXT_FIRE_TIME") 
  PCTFREE 10 INITRANS 2 MAXTRANS 255 COMPUTE STATISTICS 
  STORAGE(INITIAL 65536 NEXT 1048576 MINEXTENTS 1 MAXEXTENTS 2147483645
  PCTINCREASE 0 FREELISTS 1 FREELIST GROUPS 1
  BUFFER_POOL DEFAULT FLASH_CACHE DEFAULT CELL_FLASH_CACHE DEFAULT)
  TABLESPACE "USERS" ;
--------------------------------------------------------
--  DDL for Index QRTZ_TRIGGERS_PK
--------------------------------------------------------

  CREATE UNIQUE INDEX "ERG_USER"."QRTZ_TRIGGERS_PK" ON "ERG_USER"."QRTZ_TRIGGERS" ("SCHED_NAME", "TRIGGER_NAME", "TRIGGER_GROUP") 
  PCTFREE 10 INITRANS 2 MAXTRANS 255 COMPUTE STATISTICS 
  STORAGE(INITIAL 65536 NEXT 1048576 MINEXTENTS 1 MAXEXTENTS 2147483645
  PCTINCREASE 0 FREELISTS 1 FREELIST GROUPS 1
  BUFFER_POOL DEFAULT FLASH_CACHE DEFAULT CELL_FLASH_CACHE DEFAULT)
  TABLESPACE "USERS" ;
--------------------------------------------------------
--  DDL for Index PK82
--------------------------------------------------------

  CREATE UNIQUE INDEX "ERG_USER"."PK82" ON "ERG_USER"."USER_APP_ROLE" ("USER_ID", "APP_CODE", "CATEGORY") 
  PCTFREE 10 INITRANS 2 MAXTRANS 255 COMPUTE STATISTICS 
  STORAGE(INITIAL 65536 NEXT 1048576 MINEXTENTS 1 MAXEXTENTS 2147483645
  PCTINCREASE 0 FREELISTS 1 FREELIST GROUPS 1
  BUFFER_POOL DEFAULT FLASH_CACHE DEFAULT CELL_FLASH_CACHE DEFAULT)
  TABLESPACE "USERS" ;
--------------------------------------------------------
--  Constraints for Table DELIVERY_OPTION
--------------------------------------------------------

  ALTER TABLE "ERG_USER"."DELIVERY_OPTION" MODIFY ("IS_ACTIVE_IND" NOT NULL ENABLE);
  ALTER TABLE "ERG_USER"."DELIVERY_OPTION" MODIFY ("DELIVERY_OPTION_NM" NOT NULL ENABLE);
  ALTER TABLE "ERG_USER"."DELIVERY_OPTION" MODIFY ("DELIVERY_OPTION_ID" NOT NULL ENABLE);
--------------------------------------------------------
--  Constraints for Table DLVRY
--------------------------------------------------------

  ALTER TABLE "ERG_USER"."DLVRY" ADD CONSTRAINT "PK_DLVRY" PRIMARY KEY ("DLVRY_ID")
  USING INDEX PCTFREE 10 INITRANS 2 MAXTRANS 255 COMPUTE STATISTICS 
  STORAGE(INITIAL 65536 NEXT 1048576 MINEXTENTS 1 MAXEXTENTS 2147483645
  PCTINCREASE 0 FREELISTS 1 FREELIST GROUPS 1
  BUFFER_POOL DEFAULT FLASH_CACHE DEFAULT CELL_FLASH_CACHE DEFAULT)
  TABLESPACE "USERS"  ENABLE;
  ALTER TABLE "ERG_USER"."DLVRY" MODIFY ("CREAT_TS" NOT NULL ENABLE);
  ALTER TABLE "ERG_USER"."DLVRY" MODIFY ("CREAT_SRVC_ID" NOT NULL ENABLE);
  ALTER TABLE "ERG_USER"."DLVRY" MODIFY ("TRGT_SYS_CD" NOT NULL ENABLE);
  ALTER TABLE "ERG_USER"."DLVRY" MODIFY ("DLVRY_STUS" NOT NULL ENABLE);
  ALTER TABLE "ERG_USER"."DLVRY" MODIFY ("DLVRY_TYPE" NOT NULL ENABLE);
  ALTER TABLE "ERG_USER"."DLVRY" MODIFY ("SPEC_KEY" NOT NULL ENABLE);
  ALTER TABLE "ERG_USER"."DLVRY" MODIFY ("SRC_CORRLTN_ID" NOT NULL ENABLE);
  ALTER TABLE "ERG_USER"."DLVRY" MODIFY ("SRC_SYS_CD" NOT NULL ENABLE);
  ALTER TABLE "ERG_USER"."DLVRY" MODIFY ("ROUTE" NOT NULL ENABLE);
  ALTER TABLE "ERG_USER"."DLVRY" MODIFY ("RPTD_TS" NOT NULL ENABLE);
  ALTER TABLE "ERG_USER"."DLVRY" MODIFY ("TRK_ID" NOT NULL ENABLE);
  ALTER TABLE "ERG_USER"."DLVRY" MODIFY ("DLVRY_ID" NOT NULL ENABLE);
--------------------------------------------------------
--  Constraints for Table FAX_PROFILE
--------------------------------------------------------

  ALTER TABLE "ERG_USER"."FAX_PROFILE" MODIFY ("BEGIN_DT" NOT NULL ENABLE);
  ALTER TABLE "ERG_USER"."FAX_PROFILE" MODIFY ("COPY_CNT" NOT NULL ENABLE);
  ALTER TABLE "ERG_USER"."FAX_PROFILE" MODIFY ("FAX_NUM" NOT NULL ENABLE);
  ALTER TABLE "ERG_USER"."FAX_PROFILE" MODIFY ("IS_ACTIVE_IND" NOT NULL ENABLE);
  ALTER TABLE "ERG_USER"."FAX_PROFILE" MODIFY ("REPORTING_PROFILE_ID" NOT NULL ENABLE);
  ALTER TABLE "ERG_USER"."FAX_PROFILE" MODIFY ("FAX_PROFILE_ID" NOT NULL ENABLE);
--------------------------------------------------------
--  Constraints for Table FAX_VENDOR
--------------------------------------------------------

  ALTER TABLE "ERG_USER"."FAX_VENDOR" MODIFY ("CREATE_TMSTP" NOT NULL ENABLE);
  ALTER TABLE "ERG_USER"."FAX_VENDOR" MODIFY ("CREATE_USERID" NOT NULL ENABLE);
  ALTER TABLE "ERG_USER"."FAX_VENDOR" MODIFY ("IS_ACTIVE_IND" NOT NULL ENABLE);
  ALTER TABLE "ERG_USER"."FAX_VENDOR" MODIFY ("VENDOR_NAME" NOT NULL ENABLE);
  ALTER TABLE "ERG_USER"."FAX_VENDOR" MODIFY ("VENDOR_CD" NOT NULL ENABLE);
  ALTER TABLE "ERG_USER"."FAX_VENDOR" MODIFY ("FAX_VENDOR_ID" NOT NULL ENABLE);
--------------------------------------------------------
--  Constraints for Table FAX_VENDOR_CONFIG
--------------------------------------------------------

  ALTER TABLE "ERG_USER"."FAX_VENDOR_CONFIG" MODIFY ("CREATE_TMSTP" NOT NULL ENABLE);
  ALTER TABLE "ERG_USER"."FAX_VENDOR_CONFIG" MODIFY ("CREATE_USERID" NOT NULL ENABLE);
  ALTER TABLE "ERG_USER"."FAX_VENDOR_CONFIG" MODIFY ("EFFECTIVE_START_TIME" NOT NULL ENABLE);
  ALTER TABLE "ERG_USER"."FAX_VENDOR_CONFIG" MODIFY ("IS_ACTIVE_IND" NOT NULL ENABLE);
  ALTER TABLE "ERG_USER"."FAX_VENDOR_CONFIG" MODIFY ("IS_FILEREN_IND" NOT NULL ENABLE);
  ALTER TABLE "ERG_USER"."FAX_VENDOR_CONFIG" MODIFY ("FAX_TYPE_CD" NOT NULL ENABLE);
  ALTER TABLE "ERG_USER"."FAX_VENDOR_CONFIG" MODIFY ("VENDOR_CD" NOT NULL ENABLE);
  ALTER TABLE "ERG_USER"."FAX_VENDOR_CONFIG" MODIFY ("FAX_VENDOR_CONFIG_ID" NOT NULL ENABLE);
--------------------------------------------------------
--  Constraints for Table FAX_VENDOR_CONN
--------------------------------------------------------

  ALTER TABLE "ERG_USER"."FAX_VENDOR_CONN" MODIFY ("CREATE_TMSTP" NOT NULL ENABLE);
  ALTER TABLE "ERG_USER"."FAX_VENDOR_CONN" MODIFY ("CREATE_USERID" NOT NULL ENABLE);
  ALTER TABLE "ERG_USER"."FAX_VENDOR_CONN" MODIFY ("IS_ACTIVE_IND" NOT NULL ENABLE);
  ALTER TABLE "ERG_USER"."FAX_VENDOR_CONN" MODIFY ("PATH" NOT NULL ENABLE);
  ALTER TABLE "ERG_USER"."FAX_VENDOR_CONN" MODIFY ("HOST" NOT NULL ENABLE);
  ALTER TABLE "ERG_USER"."FAX_VENDOR_CONN" MODIFY ("PROTOCOL" NOT NULL ENABLE);
  ALTER TABLE "ERG_USER"."FAX_VENDOR_CONN" MODIFY ("FAX_VENDOR_ID" NOT NULL ENABLE);
  ALTER TABLE "ERG_USER"."FAX_VENDOR_CONN" MODIFY ("FAX_VENDOR_CONN_ID" NOT NULL ENABLE);
--------------------------------------------------------
--  Constraints for Table FAX_VENDOR_FTP_DETAIL
--------------------------------------------------------

  ALTER TABLE "ERG_USER"."FAX_VENDOR_FTP_DETAIL" MODIFY ("CREATE_TMSTP" NOT NULL ENABLE);
  ALTER TABLE "ERG_USER"."FAX_VENDOR_FTP_DETAIL" MODIFY ("CREATE_USERID" NOT NULL ENABLE);
  ALTER TABLE "ERG_USER"."FAX_VENDOR_FTP_DETAIL" MODIFY ("EFFECTIVE_START_TIME" NOT NULL ENABLE);
  ALTER TABLE "ERG_USER"."FAX_VENDOR_FTP_DETAIL" MODIFY ("WEIGHT" NOT NULL ENABLE);
  ALTER TABLE "ERG_USER"."FAX_VENDOR_FTP_DETAIL" MODIFY ("FTP_RETRY_COUNT" NOT NULL ENABLE);
  ALTER TABLE "ERG_USER"."FAX_VENDOR_FTP_DETAIL" MODIFY ("FTP_TIMEOUT_INSECS" NOT NULL ENABLE);
  ALTER TABLE "ERG_USER"."FAX_VENDOR_FTP_DETAIL" MODIFY ("FTP_PASSWORD" NOT NULL ENABLE);
  ALTER TABLE "ERG_USER"."FAX_VENDOR_FTP_DETAIL" MODIFY ("FTP_USER_ID" NOT NULL ENABLE);
  ALTER TABLE "ERG_USER"."FAX_VENDOR_FTP_DETAIL" MODIFY ("FTP_PATH" NOT NULL ENABLE);
  ALTER TABLE "ERG_USER"."FAX_VENDOR_FTP_DETAIL" MODIFY ("FTP_HOST_IPADDRESS" NOT NULL ENABLE);
  ALTER TABLE "ERG_USER"."FAX_VENDOR_FTP_DETAIL" MODIFY ("FTP_CONN_NAME" NOT NULL ENABLE);
  ALTER TABLE "ERG_USER"."FAX_VENDOR_FTP_DETAIL" MODIFY ("FAX_VENDOR_CONFIG_ID" NOT NULL ENABLE);
  ALTER TABLE "ERG_USER"."FAX_VENDOR_FTP_DETAIL" MODIFY ("FAX_VENDOR_FTP_DETAIL_ID" NOT NULL ENABLE);
--------------------------------------------------------
--  Constraints for Table FAX_VENDOR_SOURCE
--------------------------------------------------------

  ALTER TABLE "ERG_USER"."FAX_VENDOR_SOURCE" MODIFY ("CREATE_TMSTP" NOT NULL ENABLE);
  ALTER TABLE "ERG_USER"."FAX_VENDOR_SOURCE" MODIFY ("CREATE_USERID" NOT NULL ENABLE);
  ALTER TABLE "ERG_USER"."FAX_VENDOR_SOURCE" MODIFY ("IS_ACTIVE_IND" NOT NULL ENABLE);
  ALTER TABLE "ERG_USER"."FAX_VENDOR_SOURCE" MODIFY ("WEIGHT" NOT NULL ENABLE);
  ALTER TABLE "ERG_USER"."FAX_VENDOR_SOURCE" MODIFY ("FAX_VENDOR_USER_ID" NOT NULL ENABLE);
  ALTER TABLE "ERG_USER"."FAX_VENDOR_SOURCE" MODIFY ("FAX_VENDOR_CONN_ID" NOT NULL ENABLE);
  ALTER TABLE "ERG_USER"."FAX_VENDOR_SOURCE" MODIFY ("FAX_TYPE_CD" NOT NULL ENABLE);
  ALTER TABLE "ERG_USER"."FAX_VENDOR_SOURCE" MODIFY ("ROUTE" NOT NULL ENABLE);
  ALTER TABLE "ERG_USER"."FAX_VENDOR_SOURCE" MODIFY ("FAX_VENDOR_SOURCE_CD" NOT NULL ENABLE);
  ALTER TABLE "ERG_USER"."FAX_VENDOR_SOURCE" MODIFY ("FAX_VENDOR_SOURCE_ID" NOT NULL ENABLE);
--------------------------------------------------------
--  Constraints for Table FAX_VENDOR_TRAFFIC
--------------------------------------------------------

  ALTER TABLE "ERG_USER"."FAX_VENDOR_TRAFFIC" MODIFY ("CREATE_TMSTP" NOT NULL ENABLE);
  ALTER TABLE "ERG_USER"."FAX_VENDOR_TRAFFIC" MODIFY ("CREATE_USERID" NOT NULL ENABLE);
  ALTER TABLE "ERG_USER"."FAX_VENDOR_TRAFFIC" MODIFY ("EFFECTIVE_START_TIME" NOT NULL ENABLE);
  ALTER TABLE "ERG_USER"."FAX_VENDOR_TRAFFIC" MODIFY ("REFERENCE_TYPE" NOT NULL ENABLE);
  ALTER TABLE "ERG_USER"."FAX_VENDOR_TRAFFIC" MODIFY ("REFERNCE_ID" NOT NULL ENABLE);
  ALTER TABLE "ERG_USER"."FAX_VENDOR_TRAFFIC" MODIFY ("FAX_VENDOR_TRAFFIC_ID" NOT NULL ENABLE);
--------------------------------------------------------
--  Constraints for Table FAX_VENDOR_USER
--------------------------------------------------------

  ALTER TABLE "ERG_USER"."FAX_VENDOR_USER" MODIFY ("CREATE_TMSTP" NOT NULL ENABLE);
  ALTER TABLE "ERG_USER"."FAX_VENDOR_USER" MODIFY ("CREATE_USERID" NOT NULL ENABLE);
  ALTER TABLE "ERG_USER"."FAX_VENDOR_USER" MODIFY ("IS_ACTIVE_IND" NOT NULL ENABLE);
  ALTER TABLE "ERG_USER"."FAX_VENDOR_USER" MODIFY ("PASSWORD" NOT NULL ENABLE);
  ALTER TABLE "ERG_USER"."FAX_VENDOR_USER" MODIFY ("USER_ID" NOT NULL ENABLE);
  ALTER TABLE "ERG_USER"."FAX_VENDOR_USER" MODIFY ("FAX_VENDOR_ID" NOT NULL ENABLE);
  ALTER TABLE "ERG_USER"."FAX_VENDOR_USER" MODIFY ("FAX_VENDOR_USER_ID" NOT NULL ENABLE);
--------------------------------------------------------
--  Constraints for Table QRTZ_BLOB_TRIGGERS
--------------------------------------------------------

  ALTER TABLE "ERG_USER"."QRTZ_BLOB_TRIGGERS" ADD CONSTRAINT "QRTZ_BLOB_TRIG_PK" PRIMARY KEY ("SCHED_NAME", "TRIGGER_NAME", "TRIGGER_GROUP")
  USING INDEX PCTFREE 10 INITRANS 2 MAXTRANS 255 COMPUTE STATISTICS 
  TABLESPACE "USERS"  ENABLE;
  ALTER TABLE "ERG_USER"."QRTZ_BLOB_TRIGGERS" MODIFY ("TRIGGER_GROUP" NOT NULL ENABLE);
  ALTER TABLE "ERG_USER"."QRTZ_BLOB_TRIGGERS" MODIFY ("TRIGGER_NAME" NOT NULL ENABLE);
  ALTER TABLE "ERG_USER"."QRTZ_BLOB_TRIGGERS" MODIFY ("SCHED_NAME" NOT NULL ENABLE);
--------------------------------------------------------
--  Constraints for Table QRTZ_CALENDARS
--------------------------------------------------------

  ALTER TABLE "ERG_USER"."QRTZ_CALENDARS" ADD CONSTRAINT "QRTZ_CALENDARS_PK" PRIMARY KEY ("SCHED_NAME", "CALENDAR_NAME")
  USING INDEX PCTFREE 10 INITRANS 2 MAXTRANS 255 COMPUTE STATISTICS 
  TABLESPACE "USERS"  ENABLE;
  ALTER TABLE "ERG_USER"."QRTZ_CALENDARS" MODIFY ("CALENDAR" NOT NULL ENABLE);
  ALTER TABLE "ERG_USER"."QRTZ_CALENDARS" MODIFY ("CALENDAR_NAME" NOT NULL ENABLE);
  ALTER TABLE "ERG_USER"."QRTZ_CALENDARS" MODIFY ("SCHED_NAME" NOT NULL ENABLE);
--------------------------------------------------------
--  Constraints for Table QRTZ_CRON_TRIGGERS
--------------------------------------------------------

  ALTER TABLE "ERG_USER"."QRTZ_CRON_TRIGGERS" ADD CONSTRAINT "QRTZ_CRON_TRIG_PK" PRIMARY KEY ("SCHED_NAME", "TRIGGER_NAME", "TRIGGER_GROUP")
  USING INDEX PCTFREE 10 INITRANS 2 MAXTRANS 255 COMPUTE STATISTICS 
  STORAGE(INITIAL 65536 NEXT 1048576 MINEXTENTS 1 MAXEXTENTS 2147483645
  PCTINCREASE 0 FREELISTS 1 FREELIST GROUPS 1
  BUFFER_POOL DEFAULT FLASH_CACHE DEFAULT CELL_FLASH_CACHE DEFAULT)
  TABLESPACE "USERS"  ENABLE;
  ALTER TABLE "ERG_USER"."QRTZ_CRON_TRIGGERS" MODIFY ("CRON_EXPRESSION" NOT NULL ENABLE);
  ALTER TABLE "ERG_USER"."QRTZ_CRON_TRIGGERS" MODIFY ("TRIGGER_GROUP" NOT NULL ENABLE);
  ALTER TABLE "ERG_USER"."QRTZ_CRON_TRIGGERS" MODIFY ("TRIGGER_NAME" NOT NULL ENABLE);
  ALTER TABLE "ERG_USER"."QRTZ_CRON_TRIGGERS" MODIFY ("SCHED_NAME" NOT NULL ENABLE);
--------------------------------------------------------
--  Constraints for Table QRTZ_FIRED_TRIGGERS
--------------------------------------------------------

  ALTER TABLE "ERG_USER"."QRTZ_FIRED_TRIGGERS" ADD CONSTRAINT "QRTZ_FIRED_TRIGGER_PK" PRIMARY KEY ("SCHED_NAME", "ENTRY_ID")
  USING INDEX PCTFREE 10 INITRANS 2 MAXTRANS 255 COMPUTE STATISTICS 
  STORAGE(INITIAL 65536 NEXT 1048576 MINEXTENTS 1 MAXEXTENTS 2147483645
  PCTINCREASE 0 FREELISTS 1 FREELIST GROUPS 1
  BUFFER_POOL DEFAULT FLASH_CACHE DEFAULT CELL_FLASH_CACHE DEFAULT)
  TABLESPACE "USERS"  ENABLE;
  ALTER TABLE "ERG_USER"."QRTZ_FIRED_TRIGGERS" MODIFY ("STATE" NOT NULL ENABLE);
  ALTER TABLE "ERG_USER"."QRTZ_FIRED_TRIGGERS" MODIFY ("PRIORITY" NOT NULL ENABLE);
  ALTER TABLE "ERG_USER"."QRTZ_FIRED_TRIGGERS" MODIFY ("SCHED_TIME" NOT NULL ENABLE);
  ALTER TABLE "ERG_USER"."QRTZ_FIRED_TRIGGERS" MODIFY ("FIRED_TIME" NOT NULL ENABLE);
  ALTER TABLE "ERG_USER"."QRTZ_FIRED_TRIGGERS" MODIFY ("INSTANCE_NAME" NOT NULL ENABLE);
  ALTER TABLE "ERG_USER"."QRTZ_FIRED_TRIGGERS" MODIFY ("TRIGGER_GROUP" NOT NULL ENABLE);
  ALTER TABLE "ERG_USER"."QRTZ_FIRED_TRIGGERS" MODIFY ("TRIGGER_NAME" NOT NULL ENABLE);
  ALTER TABLE "ERG_USER"."QRTZ_FIRED_TRIGGERS" MODIFY ("ENTRY_ID" NOT NULL ENABLE);
  ALTER TABLE "ERG_USER"."QRTZ_FIRED_TRIGGERS" MODIFY ("SCHED_NAME" NOT NULL ENABLE);
--------------------------------------------------------
--  Constraints for Table QRTZ_JOB_DETAILS
--------------------------------------------------------

  ALTER TABLE "ERG_USER"."QRTZ_JOB_DETAILS" ADD CONSTRAINT "QRTZ_JOB_DETAILS_PK" PRIMARY KEY ("SCHED_NAME", "JOB_NAME", "JOB_GROUP")
  USING INDEX PCTFREE 10 INITRANS 2 MAXTRANS 255 COMPUTE STATISTICS 
  STORAGE(INITIAL 65536 NEXT 1048576 MINEXTENTS 1 MAXEXTENTS 2147483645
  PCTINCREASE 0 FREELISTS 1 FREELIST GROUPS 1
  BUFFER_POOL DEFAULT FLASH_CACHE DEFAULT CELL_FLASH_CACHE DEFAULT)
  TABLESPACE "USERS"  ENABLE;
  ALTER TABLE "ERG_USER"."QRTZ_JOB_DETAILS" MODIFY ("REQUESTS_RECOVERY" NOT NULL ENABLE);
  ALTER TABLE "ERG_USER"."QRTZ_JOB_DETAILS" MODIFY ("IS_UPDATE_DATA" NOT NULL ENABLE);
  ALTER TABLE "ERG_USER"."QRTZ_JOB_DETAILS" MODIFY ("IS_NONCONCURRENT" NOT NULL ENABLE);
  ALTER TABLE "ERG_USER"."QRTZ_JOB_DETAILS" MODIFY ("IS_DURABLE" NOT NULL ENABLE);
  ALTER TABLE "ERG_USER"."QRTZ_JOB_DETAILS" MODIFY ("JOB_CLASS_NAME" NOT NULL ENABLE);
  ALTER TABLE "ERG_USER"."QRTZ_JOB_DETAILS" MODIFY ("JOB_GROUP" NOT NULL ENABLE);
  ALTER TABLE "ERG_USER"."QRTZ_JOB_DETAILS" MODIFY ("JOB_NAME" NOT NULL ENABLE);
  ALTER TABLE "ERG_USER"."QRTZ_JOB_DETAILS" MODIFY ("SCHED_NAME" NOT NULL ENABLE);
--------------------------------------------------------
--  Constraints for Table QRTZ_LOCKS
--------------------------------------------------------

  ALTER TABLE "ERG_USER"."QRTZ_LOCKS" ADD CONSTRAINT "QRTZ_LOCKS_PK" PRIMARY KEY ("SCHED_NAME", "LOCK_NAME")
  USING INDEX PCTFREE 10 INITRANS 2 MAXTRANS 255 COMPUTE STATISTICS 
  STORAGE(INITIAL 65536 NEXT 1048576 MINEXTENTS 1 MAXEXTENTS 2147483645
  PCTINCREASE 0 FREELISTS 1 FREELIST GROUPS 1
  BUFFER_POOL DEFAULT FLASH_CACHE DEFAULT CELL_FLASH_CACHE DEFAULT)
  TABLESPACE "USERS"  ENABLE;
  ALTER TABLE "ERG_USER"."QRTZ_LOCKS" MODIFY ("LOCK_NAME" NOT NULL ENABLE);
  ALTER TABLE "ERG_USER"."QRTZ_LOCKS" MODIFY ("SCHED_NAME" NOT NULL ENABLE);
--------------------------------------------------------
--  Constraints for Table QRTZ_PAUSED_TRIGGER_GRPS
--------------------------------------------------------

  ALTER TABLE "ERG_USER"."QRTZ_PAUSED_TRIGGER_GRPS" ADD CONSTRAINT "QRTZ_PAUSED_TRIG_GRPS_PK" PRIMARY KEY ("SCHED_NAME", "TRIGGER_GROUP")
  USING INDEX PCTFREE 10 INITRANS 2 MAXTRANS 255 COMPUTE STATISTICS 
  TABLESPACE "USERS"  ENABLE;
  ALTER TABLE "ERG_USER"."QRTZ_PAUSED_TRIGGER_GRPS" MODIFY ("TRIGGER_GROUP" NOT NULL ENABLE);
  ALTER TABLE "ERG_USER"."QRTZ_PAUSED_TRIGGER_GRPS" MODIFY ("SCHED_NAME" NOT NULL ENABLE);
--------------------------------------------------------
--  Constraints for Table QRTZ_SCHEDULER_STATE
--------------------------------------------------------

  ALTER TABLE "ERG_USER"."QRTZ_SCHEDULER_STATE" ADD CONSTRAINT "QRTZ_SCHEDULER_STATE_PK" PRIMARY KEY ("SCHED_NAME", "INSTANCE_NAME")
  USING INDEX PCTFREE 10 INITRANS 2 MAXTRANS 255 COMPUTE STATISTICS 
  STORAGE(INITIAL 65536 NEXT 1048576 MINEXTENTS 1 MAXEXTENTS 2147483645
  PCTINCREASE 0 FREELISTS 1 FREELIST GROUPS 1
  BUFFER_POOL DEFAULT FLASH_CACHE DEFAULT CELL_FLASH_CACHE DEFAULT)
  TABLESPACE "USERS"  ENABLE;
  ALTER TABLE "ERG_USER"."QRTZ_SCHEDULER_STATE" MODIFY ("CHECKIN_INTERVAL" NOT NULL ENABLE);
  ALTER TABLE "ERG_USER"."QRTZ_SCHEDULER_STATE" MODIFY ("LAST_CHECKIN_TIME" NOT NULL ENABLE);
  ALTER TABLE "ERG_USER"."QRTZ_SCHEDULER_STATE" MODIFY ("INSTANCE_NAME" NOT NULL ENABLE);
  ALTER TABLE "ERG_USER"."QRTZ_SCHEDULER_STATE" MODIFY ("SCHED_NAME" NOT NULL ENABLE);
--------------------------------------------------------
--  Constraints for Table QRTZ_SIMPLE_TRIGGERS
--------------------------------------------------------

  ALTER TABLE "ERG_USER"."QRTZ_SIMPLE_TRIGGERS" ADD CONSTRAINT "QRTZ_SIMPLE_TRIG_PK" PRIMARY KEY ("SCHED_NAME", "TRIGGER_NAME", "TRIGGER_GROUP")
  USING INDEX PCTFREE 10 INITRANS 2 MAXTRANS 255 COMPUTE STATISTICS 
  TABLESPACE "USERS"  ENABLE;
  ALTER TABLE "ERG_USER"."QRTZ_SIMPLE_TRIGGERS" MODIFY ("TIMES_TRIGGERED" NOT NULL ENABLE);
  ALTER TABLE "ERG_USER"."QRTZ_SIMPLE_TRIGGERS" MODIFY ("REPEAT_INTERVAL" NOT NULL ENABLE);
  ALTER TABLE "ERG_USER"."QRTZ_SIMPLE_TRIGGERS" MODIFY ("REPEAT_COUNT" NOT NULL ENABLE);
  ALTER TABLE "ERG_USER"."QRTZ_SIMPLE_TRIGGERS" MODIFY ("TRIGGER_GROUP" NOT NULL ENABLE);
  ALTER TABLE "ERG_USER"."QRTZ_SIMPLE_TRIGGERS" MODIFY ("TRIGGER_NAME" NOT NULL ENABLE);
  ALTER TABLE "ERG_USER"."QRTZ_SIMPLE_TRIGGERS" MODIFY ("SCHED_NAME" NOT NULL ENABLE);
--------------------------------------------------------
--  Constraints for Table QRTZ_SIMPROP_TRIGGERS
--------------------------------------------------------

  ALTER TABLE "ERG_USER"."QRTZ_SIMPROP_TRIGGERS" ADD CONSTRAINT "QRTZ_SIMPROP_TRIG_PK" PRIMARY KEY ("SCHED_NAME", "TRIGGER_NAME", "TRIGGER_GROUP")
  USING INDEX PCTFREE 10 INITRANS 2 MAXTRANS 255 COMPUTE STATISTICS 
  TABLESPACE "USERS"  ENABLE;
  ALTER TABLE "ERG_USER"."QRTZ_SIMPROP_TRIGGERS" MODIFY ("TRIGGER_GROUP" NOT NULL ENABLE);
  ALTER TABLE "ERG_USER"."QRTZ_SIMPROP_TRIGGERS" MODIFY ("TRIGGER_NAME" NOT NULL ENABLE);
  ALTER TABLE "ERG_USER"."QRTZ_SIMPROP_TRIGGERS" MODIFY ("SCHED_NAME" NOT NULL ENABLE);
--------------------------------------------------------
--  Constraints for Table QRTZ_TRIGGERS
--------------------------------------------------------

  ALTER TABLE "ERG_USER"."QRTZ_TRIGGERS" ADD CONSTRAINT "QRTZ_TRIGGERS_PK" PRIMARY KEY ("SCHED_NAME", "TRIGGER_NAME", "TRIGGER_GROUP")
  USING INDEX PCTFREE 10 INITRANS 2 MAXTRANS 255 COMPUTE STATISTICS 
  STORAGE(INITIAL 65536 NEXT 1048576 MINEXTENTS 1 MAXEXTENTS 2147483645
  PCTINCREASE 0 FREELISTS 1 FREELIST GROUPS 1
  BUFFER_POOL DEFAULT FLASH_CACHE DEFAULT CELL_FLASH_CACHE DEFAULT)
  TABLESPACE "USERS"  ENABLE;
  ALTER TABLE "ERG_USER"."QRTZ_TRIGGERS" MODIFY ("START_TIME" NOT NULL ENABLE);
  ALTER TABLE "ERG_USER"."QRTZ_TRIGGERS" MODIFY ("TRIGGER_TYPE" NOT NULL ENABLE);
  ALTER TABLE "ERG_USER"."QRTZ_TRIGGERS" MODIFY ("TRIGGER_STATE" NOT NULL ENABLE);
  ALTER TABLE "ERG_USER"."QRTZ_TRIGGERS" MODIFY ("JOB_GROUP" NOT NULL ENABLE);
  ALTER TABLE "ERG_USER"."QRTZ_TRIGGERS" MODIFY ("JOB_NAME" NOT NULL ENABLE);
  ALTER TABLE "ERG_USER"."QRTZ_TRIGGERS" MODIFY ("TRIGGER_GROUP" NOT NULL ENABLE);
  ALTER TABLE "ERG_USER"."QRTZ_TRIGGERS" MODIFY ("TRIGGER_NAME" NOT NULL ENABLE);
  ALTER TABLE "ERG_USER"."QRTZ_TRIGGERS" MODIFY ("SCHED_NAME" NOT NULL ENABLE);
--------------------------------------------------------
--  Constraints for Table USER_APP_ROLE
--------------------------------------------------------

  ALTER TABLE "ERG_USER"."USER_APP_ROLE" MODIFY ("CREATE_TMSTP" NOT NULL ENABLE);
  ALTER TABLE "ERG_USER"."USER_APP_ROLE" MODIFY ("ROLE" NOT NULL ENABLE);
  ALTER TABLE "ERG_USER"."USER_APP_ROLE" MODIFY ("CATEGORY" NOT NULL ENABLE);
  ALTER TABLE "ERG_USER"."USER_APP_ROLE" MODIFY ("APP_CODE" NOT NULL ENABLE);
  ALTER TABLE "ERG_USER"."USER_APP_ROLE" MODIFY ("USER_ID" NOT NULL ENABLE);
--------------------------------------------------------
--  Ref Constraints for Table QRTZ_BLOB_TRIGGERS
--------------------------------------------------------

  ALTER TABLE "ERG_USER"."QRTZ_BLOB_TRIGGERS" ADD CONSTRAINT "QRTZ_BLOB_TRIG_TO_TRIG_FK" FOREIGN KEY ("SCHED_NAME", "TRIGGER_NAME", "TRIGGER_GROUP")
	  REFERENCES "ERG_USER"."QRTZ_TRIGGERS" ("SCHED_NAME", "TRIGGER_NAME", "TRIGGER_GROUP") ENABLE;
--------------------------------------------------------
--  Ref Constraints for Table QRTZ_CRON_TRIGGERS
--------------------------------------------------------

  ALTER TABLE "ERG_USER"."QRTZ_CRON_TRIGGERS" ADD CONSTRAINT "QRTZ_CRON_TRIG_TO_TRIG_FK" FOREIGN KEY ("SCHED_NAME", "TRIGGER_NAME", "TRIGGER_GROUP")
	  REFERENCES "ERG_USER"."QRTZ_TRIGGERS" ("SCHED_NAME", "TRIGGER_NAME", "TRIGGER_GROUP") ENABLE;
--------------------------------------------------------
--  Ref Constraints for Table QRTZ_SIMPLE_TRIGGERS
--------------------------------------------------------

  ALTER TABLE "ERG_USER"."QRTZ_SIMPLE_TRIGGERS" ADD CONSTRAINT "QRTZ_SIMPLE_TRIG_TO_TRIG_FK" FOREIGN KEY ("SCHED_NAME", "TRIGGER_NAME", "TRIGGER_GROUP")
	  REFERENCES "ERG_USER"."QRTZ_TRIGGERS" ("SCHED_NAME", "TRIGGER_NAME", "TRIGGER_GROUP") ENABLE;
--------------------------------------------------------
--  Ref Constraints for Table QRTZ_SIMPROP_TRIGGERS
--------------------------------------------------------

  ALTER TABLE "ERG_USER"."QRTZ_SIMPROP_TRIGGERS" ADD CONSTRAINT "QRTZ_SIMPROP_TRIG_TO_TRIG_FK" FOREIGN KEY ("SCHED_NAME", "TRIGGER_NAME", "TRIGGER_GROUP")
	  REFERENCES "ERG_USER"."QRTZ_TRIGGERS" ("SCHED_NAME", "TRIGGER_NAME", "TRIGGER_GROUP") ENABLE;
--------------------------------------------------------
--  Ref Constraints for Table QRTZ_TRIGGERS
--------------------------------------------------------

  ALTER TABLE "ERG_USER"."QRTZ_TRIGGERS" ADD CONSTRAINT "QRTZ_TRIGGER_TO_JOBS_FK" FOREIGN KEY ("SCHED_NAME", "JOB_NAME", "JOB_GROUP")
	  REFERENCES "ERG_USER"."QRTZ_JOB_DETAILS" ("SCHED_NAME", "JOB_NAME", "JOB_GROUP") ENABLE;
